index_right,OBJECTID,zone,tractid,tractnum
1968,2.0,Jamaica Bay,36081107202,107202
222,3.0,Allerton/Pelham Gardens,36005031000,031000
224,3.0,Allerton/Pelham Gardens,36005031400,031400
226,3.0,Allerton/Pelham Gardens,36005031800,031800
225,3.0,Allerton/Pelham Gardens,36005031600,031600
223,3.0,Allerton/Pelham Gardens,36005031200,031200
251,3.0,Allerton/Pelham Gardens,36005036000,036000
246,3.0,Allerton/Pelham Gardens,36005035000,035000
245,3.0,Allerton/Pelham Gardens,36005034800,034800
230,3.0,Allerton/Pelham Gardens,36005032600,032600
243,3.0,Allerton/Pelham Gardens,36005034400,034400
241,3.0,Allerton/Pelham Gardens,36005034200,034200
1118,4.0,Alphabet City,36061002000,002000
1124,4.0,Alphabet City,36061002601,002601
1122,4.0,Alphabet City,36061002400,002400
1125,4.0,Alphabet City,36061002602,002602
1127,4.0,Alphabet City,36061002800,002800
1121,4.0,Alphabet City,36061002202,002202
2121,5.0,Arden Heights,36085017009,017009
2122,5.0,Arden Heights,36085017010,017010
2120,5.0,Arden Heights,36085017008,017008
2119,5.0,Arden Heights,36085017007,017007
2064,6.0,Arrochar/Fort Wadsworth,36085001800,001800
2066,6.0,Arrochar/Fort Wadsworth,36085002002,002002
2075,6.0,Arrochar/Fort Wadsworth,36085005000,005000
2080,6.0,Arrochar/Fort Wadsworth,36085007400,007400
2077,6.0,Arrochar/Fort Wadsworth,36085006400,006400
1512,7.0,Astoria,36081016100,016100
1508,7.0,Astoria,36081015700,015700
1511,7.0,Astoria,36081015900,015900
1513,7.0,Astoria,36081016300,016300
1428,7.0,Astoria,36081005700,005700
1504,7.0,Astoria,36081015300,015300
1506,7.0,Astoria,36081015500,015500
1430,7.0,Astoria,36081005900,005900
1502,7.0,Astoria,36081015100,015100
1425,7.0,Astoria,36081005300,005300
1421,7.0,Astoria,36081004700,004700
1500,7.0,Astoria,36081014900,014900
1431,7.0,Astoria,36081006100,006100
1498,7.0,Astoria,36081014700,014700
1420,7.0,Astoria,36081004500,004500
1497,7.0,Astoria,36081014500,014500
1440,7.0,Astoria,36081007500,007500
1434,7.0,Astoria,36081006300,006300
1495,7.0,Astoria,36081014300,014300
1436,7.0,Astoria,36081006502,006502
1441,7.0,Astoria,36081007700,007700
1492,7.0,Astoria,36081014100,014100
1435,7.0,Astoria,36081006501,006501
1455,8.0,Astoria Park,36081009900,009900
2029,9.0,Auburndale,36081141700,141700
2028,9.0,Auburndale,36081140902,140902
2030,9.0,Auburndale,36081142900,142900
2036,9.0,Auburndale,36081145900,145900
2034,9.0,Auburndale,36081145101,145101
1989,9.0,Auburndale,36081118100,118100
1977,9.0,Auburndale,36081113900,113900
1890,10.0,Baisley Park,36081079200,079200
1888,10.0,Baisley Park,36081078800,078800
1889,10.0,Baisley Park,36081079000,079000
1530,10.0,Baisley Park,36081018401,018401
1528,10.0,Baisley Park,36081018200,018200
1531,10.0,Baisley Park,36081018402,018402
1602,10.0,Baisley Park,36081028800,028800
1534,10.0,Baisley Park,36081018600,018600
1536,10.0,Baisley Park,36081018800,018800
1599,10.0,Baisley Park,36081028400,028400
1587,10.0,Baisley Park,36081027200,027200
1539,10.0,Baisley Park,36081019200,019200
1589,10.0,Baisley Park,36081027400,027400
1538,10.0,Baisley Park,36081019000,019000
1593,10.0,Baisley Park,36081027800,027800
1591,10.0,Baisley Park,36081027600,027600
583,11.0,Bath Beach,36047029200,029200
577,11.0,Bath Beach,36047028600,028600
572,11.0,Bath Beach,36047028200,028200
570,11.0,Bath Beach,36047028000,028000
471,11.0,Bath Beach,36047017600,017600
469,11.0,Bath Beach,36047017400,017400
464,11.0,Bath Beach,36047016800,016800
473,11.0,Bath Beach,36047017800,017800
475,11.0,Bath Beach,36047018000,018000
468,11.0,Bath Beach,36047017200,017200
466,11.0,Bath Beach,36047017000,017000
1387,12.0,Battery Park,36061031900,031900
1386,13.0,Battery Park City,36061031704,031704
1385,13.0,Battery Park City,36061031703,031703
362,14.0,Bay Ridge,36047003800,003800
425,14.0,Bay Ridge,36047012600,012600
360,14.0,Bay Ridge,36047003600,003600
388,14.0,Bay Ridge,36047006800,006800
358,14.0,Bay Ridge,36047003400,003400
390,14.0,Bay Ridge,36047007000,007000
355,14.0,Bay Ridge,36047003000,003000
460,14.0,Bay Ridge,36047016400,016400
378,14.0,Bay Ridge,36047005602,005602
458,14.0,Bay Ridge,36047016200,016200
377,14.0,Bay Ridge,36047005601,005601
376,14.0,Bay Ridge,36047005400,005400
456,14.0,Bay Ridge,36047016000,016000
379,14.0,Bay Ridge,36047005800,005800
374,14.0,Bay Ridge,36047005202,005202
373,14.0,Bay Ridge,36047005201,005201
381,14.0,Bay Ridge,36047006000,006000
442,14.0,Bay Ridge,36047014200,014200
371,14.0,Bay Ridge,36047005000,005000
438,14.0,Bay Ridge,36047013800,013800
382,14.0,Bay Ridge,36047006200,006200
368,14.0,Bay Ridge,36047004600,004600
436,14.0,Bay Ridge,36047013600,013600
384,14.0,Bay Ridge,36047006400,006400
434,14.0,Bay Ridge,36047013400,013400
366,14.0,Bay Ridge,36047004400,004400
386,14.0,Bay Ridge,36047006600,006600
430,14.0,Bay Ridge,36047013000,013000
1959,15.0,Bay Terrace/Fort Totten,36081101700,101700
1948,15.0,Bay Terrace/Fort Totten,36081099701,099701
1950,15.0,Bay Terrace/Fort Totten,36081099704,099704
1949,15.0,Bay Terrace/Fort Totten,36081099703,099703
1951,15.0,Bay Terrace/Fort Totten,36081099705,099705
1954,15.0,Bay Terrace/Fort Totten,36081099900,099900
2027,16.0,Bayside,36081140901,140901
2026,16.0,Bayside,36081140300,140300
2025,16.0,Bayside,36081139900,139900
2031,16.0,Bayside,36081143500,143500
2035,16.0,Bayside,36081145102,145102
2032,16.0,Bayside,36081144100,144100
2033,16.0,Bayside,36081144700,144700
2037,16.0,Bayside,36081146300,146300
2038,16.0,Bayside,36081146700,146700
2039,16.0,Bayside,36081147100,147100
1976,16.0,Bayside,36081113300,113300
1975,16.0,Bayside,36081112900,112900
1974,16.0,Bayside,36081112300,112300
1973,16.0,Bayside,36081111300,111300
1972,16.0,Bayside,36081109900,109900
1971,16.0,Bayside,36081109700,109700
1969,16.0,Bayside,36081108500,108500
1970,16.0,Bayside,36081109300,109300
540,17.0,Bedford,36047025100,025100
553,17.0,Bedford,36047026300,026300
524,17.0,Bedford,36047023300,023300
530,17.0,Bedford,36047024100,024100
551,17.0,Bedford,36047026100,026100
542,17.0,Bedford,36047025300,025300
548,17.0,Bedford,36047025901,025901
1096,17.0,Bedford,36047123700,123700
549,17.0,Bedford,36047025902,025902
544,17.0,Bedford,36047025500,025500
546,17.0,Bedford,36047025700,025700
795,17.0,Bedford,36047053100,053100
770,17.0,Bedford,36047050700,050700
559,17.0,Bedford,36047026900,026900
534,17.0,Bedford,36047024500,024500
538,17.0,Bedford,36047024900,024900
557,17.0,Bedford,36047026700,026700
555,17.0,Bedford,36047026500,026500
532,17.0,Bedford,36047024300,024300
166,18.0,Bedford Park,36005023702,023702
290,18.0,Bedford Park,36005039902,039902
289,18.0,Bedford Park,36005039901,039901
291,18.0,Bedford Park,36005040100,040100
297,18.0,Bedford Park,36005040502,040502
296,18.0,Bedford Park,36005040501,040501
292,18.0,Bedford Park,36005040302,040302
300,18.0,Bedford Park,36005040702,040702
306,18.0,Bedford Park,36005041500,041500
304,18.0,Bedford Park,36005041300,041300
303,18.0,Bedford Park,36005041100,041100
2055,19.0,Bellerose,36081162100,162100
2054,19.0,Bellerose,36081161700,161700
2016,19.0,Bellerose,36081130100,130100
2050,19.0,Bellerose,36081157102,157102
2048,19.0,Bellerose,36081156700,156700
2049,19.0,Bellerose,36081157101,157101
283,20.0,Belmont,36005039300,039300
281,20.0,Belmont,36005039100,039100
279,20.0,Belmont,36005038900,038900
277,20.0,Belmont,36005038700,038700
287,20.0,Belmont,36005039700,039700
714,21.0,Bensonhurst East,36047043600,043600
677,21.0,Bensonhurst East,36047040000,040000
687,21.0,Bensonhurst East,36047041000,041000
685,21.0,Bensonhurst East,36047040800,040800
689,21.0,Bensonhurst East,36047041200,041200
704,21.0,Bensonhurst East,36047042600,042600
702,21.0,Bensonhurst East,36047042400,042400
712,21.0,Bensonhurst East,36047043400,043400
683,21.0,Bensonhurst East,36047040600,040600
589,21.0,Bensonhurst East,36047029800,029800
681,21.0,Bensonhurst East,36047040400,040400
706,21.0,Bensonhurst East,36047042800,042800
708,21.0,Bensonhurst East,36047043000,043000
710,21.0,Bensonhurst East,36047043200,043200
595,21.0,Bensonhurst East,36047030400,030400
593,21.0,Bensonhurst East,36047030200,030200
679,21.0,Bensonhurst East,36047040200,040200
591,21.0,Bensonhurst East,36047030000,030000
587,22.0,Bensonhurst West,36047029600,029600
581,22.0,Bensonhurst West,36047029000,029000
579,22.0,Bensonhurst West,36047028800,028800
560,22.0,Bensonhurst West,36047027000,027000
574,22.0,Bensonhurst West,36047028400,028400
568,22.0,Bensonhurst West,36047027800,027800
562,22.0,Bensonhurst West,36047027200,027200
558,22.0,Bensonhurst West,36047026800,026800
564,22.0,Bensonhurst West,36047027400,027400
566,22.0,Bensonhurst West,36047027600,027600
477,22.0,Bensonhurst West,36047018200,018200
556,22.0,Bensonhurst West,36047026600,026600
547,22.0,Bensonhurst West,36047025800,025800
479,22.0,Bensonhurst West,36047018400,018400
554,22.0,Bensonhurst West,36047026400,026400
545,22.0,Bensonhurst West,36047025600,025600
481,22.0,Bensonhurst West,36047018600,018600
550,22.0,Bensonhurst West,36047026000,026000
543,22.0,Bensonhurst West,36047025400,025400
483,22.0,Bensonhurst West,36047018800,018800
552,22.0,Bensonhurst West,36047026200,026200
541,22.0,Bensonhurst West,36047025200,025200
537,22.0,Bensonhurst West,36047024800,024800
484,22.0,Bensonhurst West,36047019000,019000
539,22.0,Bensonhurst West,36047025000,025000
585,22.0,Bensonhurst West,36047029400,029400
2151,23.0,Bloomfield/Emerson Hill,36085027301,027301
2152,23.0,Bloomfield/Emerson Hill,36085027302,027302
2159,23.0,Bloomfield/Emerson Hill,36085029103,029103
2130,23.0,Bloomfield/Emerson Hill,36085018702,018702
2132,23.0,Bloomfield/Emerson Hill,36085018902,018902
2125,23.0,Bloomfield/Emerson Hill,36085017300,017300
2160,23.0,Bloomfield/Emerson Hill,36085029104,029104
2158,23.0,Bloomfield/Emerson Hill,36085029102,029102
1299,24.0,Bloomingdale,36061019300,019300
1301,24.0,Bloomingdale,36061019500,019500
426,25.0,Boerum Hill,36047012700,012700
391,25.0,Boerum Hill,36047007100,007100
363,25.0,Boerum Hill,36047003900,003900
389,25.0,Boerum Hill,36047006900,006900
364,25.0,Boerum Hill,36047004100,004100
365,25.0,Boerum Hill,36047004300,004300
361,25.0,Boerum Hill,36047003700,003700
724,26.0,Borough Park,36047044600,044600
737,26.0,Borough Park,36047046400,046400
744,26.0,Borough Park,36047047800,047800
525,26.0,Borough Park,36047023400,023400
511,26.0,Borough Park,36047021800,021800
418,26.0,Borough Park,36047011600,011600
523,26.0,Borough Park,36047023200,023200
513,26.0,Borough Park,36047022000,022000
521,26.0,Borough Park,36047023000,023000
515,26.0,Borough Park,36047022200,022200
519,26.0,Borough Park,36047022800,022800
417,26.0,Borough Park,36047011400,011400
516,26.0,Borough Park,36047022400,022400
517,26.0,Borough Park,36047022600,022600
535,26.0,Borough Park,36047024600,024600
738,26.0,Borough Park,36047046800,046800
533,26.0,Borough Park,36047024400,024400
739,26.0,Borough Park,36047047000,047000
531,26.0,Borough Park,36047024200,024200
740,26.0,Borough Park,36047047200,047200
741,26.0,Borough Park,36047047400,047400
529,26.0,Borough Park,36047024000,024000
486,26.0,Borough Park,36047019200,019200
528,26.0,Borough Park,36047023800,023800
742,26.0,Borough Park,36047047600,047600
507,26.0,Borough Park,36047021400,021400
527,26.0,Borough Park,36047023600,023600
509,26.0,Borough Park,36047021600,021600
1922,27.0,Breezy Point/Fort Tilden/Riis Beach,36081091602,091602
1923,27.0,Breezy Point/Fort Tilden/Riis Beach,36081091800,091800
1921,27.0,Breezy Point/Fort Tilden/Riis Beach,36081091601,091601
1550,28.0,Briarwood/Jamaica Hills,36081021400,021400
1559,28.0,Briarwood/Jamaica Hills,36081023600,023600
1557,28.0,Briarwood/Jamaica Hills,36081023200,023200
1676,28.0,Briarwood/Jamaica Hills,36081044800,044800
1554,28.0,Briarwood/Jamaica Hills,36081022002,022002
1679,28.0,Briarwood/Jamaica Hills,36081045400,045400
1556,28.0,Briarwood/Jamaica Hills,36081023000,023000
1553,28.0,Briarwood/Jamaica Hills,36081022001,022001
1677,28.0,Briarwood/Jamaica Hills,36081045000,045000
1678,28.0,Briarwood/Jamaica Hills,36081045200,045200
1681,28.0,Briarwood/Jamaica Hills,36081045600,045600
640,29.0,Brighton Beach,36047036001,036001
641,29.0,Brighton Beach,36047036002,036002
855,29.0,Brighton Beach,36047061002,061002
643,29.0,Brighton Beach,36047036200,036200
857,29.0,Brighton Beach,36047061004,061004
645,29.0,Brighton Beach,36047036400,036400
856,29.0,Brighton Beach,36047061003,061003
648,29.0,Brighton Beach,36047036600,036600
651,29.0,Brighton Beach,36047037000,037000
1967,30.0,Broad Channel,36081107201,107201
235,31.0,Bronx Park,36005033400,033400
233,32.0,Bronxdale,36005033201,033201
232,32.0,Bronxdale,36005033000,033000
231,32.0,Bronxdale,36005032800,032800
229,32.0,Bronxdale,36005032400,032400
234,32.0,Bronxdale,36005033202,033202
237,32.0,Bronxdale,36005033600,033600
240,32.0,Bronxdale,36005034000,034000
239,32.0,Bronxdale,36005033800,033800
345,33.0,Brooklyn Heights,36047000900,000900
344,33.0,Brooklyn Heights,36047000700,000700
343,33.0,Brooklyn Heights,36047000502,000502
342,33.0,Brooklyn Heights,36047000501,000501
341,33.0,Brooklyn Heights,36047000301,000301
339,33.0,Brooklyn Heights,36047000100,000100
804,34.0,Brooklyn Navy Yard,36047054300,054300
995,35.0,Brownsville,36047092000,092000
991,35.0,Brownsville,36047091000,091000
996,35.0,Brownsville,36047092200,092200
985,35.0,Brownsville,36047089600,089600
993,35.0,Brownsville,36047091600,091600
984,35.0,Brownsville,36047089400,089400
994,35.0,Brownsville,36047091800,091800
986,35.0,Brownsville,36047089800,089800
983,35.0,Brownsville,36047089200,089200
992,35.0,Brownsville,36047091200,091200
997,35.0,Brownsville,36047092400,092400
987,35.0,Brownsville,36047090000,090000
988,35.0,Brownsville,36047090200,090200
989,35.0,Brownsville,36047090600,090600
990,35.0,Brownsville,36047090800,090800
686,36.0,Bushwick North,36047040900,040900
715,36.0,Bushwick North,36047043700,043700
713,36.0,Bushwick North,36047043500,043500
717,36.0,Bushwick North,36047043900,043900
711,36.0,Bushwick North,36047043300,043300
709,36.0,Bushwick North,36047043100,043100
707,36.0,Bushwick North,36047042900,042900
719,36.0,Bushwick North,36047044100,044100
721,36.0,Bushwick North,36047044300,044300
705,36.0,Bushwick North,36047042700,042700
723,36.0,Bushwick North,36047044500,044500
730,36.0,Bushwick North,36047045300,045300
725,36.0,Bushwick North,36047044700,044700
684,37.0,Bushwick South,36047040700,040700
682,37.0,Bushwick South,36047040500,040500
680,37.0,Bushwick South,36047040300,040300
678,37.0,Bushwick South,36047040100,040100
688,37.0,Bushwick South,36047041100,041100
674,37.0,Bushwick South,36047039700,039700
690,37.0,Bushwick South,36047041300,041300
676,37.0,Bushwick South,36047039900,039900
693,37.0,Bushwick South,36047041500,041500
672,37.0,Bushwick South,36047039500,039500
695,37.0,Bushwick South,36047041700,041700
697,37.0,Bushwick South,36047041900,041900
670,37.0,Bushwick South,36047039300,039300
699,37.0,Bushwick South,36047042100,042100
701,37.0,Bushwick South,36047042300,042300
575,37.0,Bushwick South,36047028501,028501
668,37.0,Bushwick South,36047039100,039100
666,37.0,Bushwick South,36047038900,038900
703,37.0,Bushwick South,36047042500,042500
752,37.0,Bushwick South,36047048900,048900
749,37.0,Bushwick South,36047048500,048500
756,37.0,Bushwick South,36047049300,049300
1799,38.0,Cambria Heights,36081061400,061400
1796,38.0,Cambria Heights,36081061200,061200
1795,38.0,Cambria Heights,36081061000,061000
1792,38.0,Cambria Heights,36081060600,060600
1806,38.0,Cambria Heights,36081062200,062200
1794,38.0,Cambria Heights,36081060800,060800
1789,38.0,Cambria Heights,36081060000,060000
1786,38.0,Cambria Heights,36081059600,059600
1787,38.0,Cambria Heights,36081059800,059800
1784,38.0,Cambria Heights,36081059400,059400
1743,38.0,Cambria Heights,36081053401,053401
1780,38.0,Cambria Heights,36081059000,059000
1782,38.0,Cambria Heights,36081059200,059200
1038,39.0,Canarsie,36047102600,102600
1039,39.0,Canarsie,36047102800,102800
1027,39.0,Canarsie,36047100400,100400
1028,39.0,Canarsie,36047100600,100600
1037,39.0,Canarsie,36047102400,102400
1040,39.0,Canarsie,36047103400,103400
1029,39.0,Canarsie,36047100800,100800
1030,39.0,Canarsie,36047101000,101000
1036,39.0,Canarsie,36047102200,102200
1023,39.0,Canarsie,36047099200,099200
1035,39.0,Canarsie,36047102000,102000
1022,39.0,Canarsie,36047099000,099000
1031,39.0,Canarsie,36047101200,101200
1014,39.0,Canarsie,36047096600,096600
1034,39.0,Canarsie,36047101800,101800
1032,39.0,Canarsie,36047101400,101400
1021,39.0,Canarsie,36047098800,098800
1033,39.0,Canarsie,36047101600,101600
1015,39.0,Canarsie,36047096800,096800
1020,39.0,Canarsie,36047098600,098600
1019,39.0,Canarsie,36047098400,098400
1017,39.0,Canarsie,36047097400,097400
1018,39.0,Canarsie,36047098200,098200
1026,39.0,Canarsie,36047099800,099800
1025,39.0,Canarsie,36047099600,099600
1024,39.0,Canarsie,36047099400,099400
1009,39.0,Canarsie,36047095600,095600
1007,39.0,Canarsie,36047095000,095000
1008,39.0,Canarsie,36047095400,095400
1010,39.0,Canarsie,36047095800,095800
1013,39.0,Canarsie,36047096400,096400
1012,39.0,Canarsie,36047096200,096200
1011,39.0,Canarsie,36047096000,096000
1016,39.0,Canarsie,36047097000,097000
396,40.0,Carroll Gardens,36047007700,007700
385,40.0,Carroll Gardens,36047006500,006500
394,40.0,Carroll Gardens,36047007500,007500
383,40.0,Carroll Gardens,36047006300,006300
1292,41.0,Central Harlem,36061018600,018600
1322,41.0,Central Harlem,36061021600,021600
1296,41.0,Central Harlem,36061019000,019000
1304,41.0,Central Harlem,36061019702,019702
1324,41.0,Central Harlem,36061021800,021800
1309,41.0,Central Harlem,36061020102,020102
1307,41.0,Central Harlem,36061020000,020000
1326,41.0,Central Harlem,36061022000,022000
1328,41.0,Central Harlem,36061022200,022200
1360,41.0,Central Harlem,36061025700,025700
1312,42.0,Central Harlem North,36061020600,020600
1318,42.0,Central Harlem North,36061021200,021200
1320,42.0,Central Harlem North,36061021400,021400
1337,42.0,Central Harlem North,36061023000,023000
1339,42.0,Central Harlem North,36061023200,023200
1341,42.0,Central Harlem North,36061023400,023400
1344,42.0,Central Harlem North,36061023600,023600
1343,42.0,Central Harlem North,36061023502,023502
1353,42.0,Central Harlem North,36061024302,024302
1314,42.0,Central Harlem North,36061020800,020800
1331,42.0,Central Harlem North,36061022400,022400
1333,42.0,Central Harlem North,36061022600,022600
1321,42.0,Central Harlem North,36061021500,021500
1335,42.0,Central Harlem North,36061022800,022800
1327,42.0,Central Harlem North,36061022102,022102
1361,42.0,Central Harlem North,36061025900,025900
1242,43.0,Central Park,36061014300,014300
2147,44.0,Charleston/Tottenville,36085024402,024402
2146,44.0,Charleston/Tottenville,36085024401,024401
2149,44.0,Charleston/Tottenville,36085024800,024800
2142,44.0,Charleston/Tottenville,36085022600,022600
1123,45.0,Chinatown,36061002500,002500
1106,45.0,Chinatown,36061000800,000800
1126,45.0,Chinatown,36061002700,002700
1128,45.0,Chinatown,36061002900,002900
338,46.0,City Island,36005051600,051600
102,47.0,Claremont/Bathgate,36005016900,016900
101,47.0,Claremont/Bathgate,36005016700,016700
99,47.0,Claremont/Bathgate,36005016500,016500
285,47.0,Claremont/Bathgate,36005039500,039500
275,47.0,Claremont/Bathgate,36005038500,038500
83,47.0,Claremont/Bathgate,36005014500,014500
84,47.0,Claremont/Bathgate,36005014701,014701
85,47.0,Claremont/Bathgate,36005014702,014702
1216,48.0,Clinton East,36061011500,011500
1222,48.0,Clinton East,36061012100,012100
1227,48.0,Clinton East,36061012700,012700
1233,48.0,Clinton East,36061013300,013300
1239,48.0,Clinton East,36061013900,013900
491,49.0,Clinton Hill,36047019700,019700
487,49.0,Clinton Hill,36047019300,019300
489,49.0,Clinton Hill,36047019500,019500
526,49.0,Clinton Hill,36047023500,023500
485,49.0,Clinton Hill,36047019100,019100
518,49.0,Clinton Hill,36047022700,022700
495,49.0,Clinton Hill,36047020100,020100
493,49.0,Clinton Hill,36047019900,019900
520,49.0,Clinton Hill,36047022900,022900
522,49.0,Clinton Hill,36047023100,023100
1229,50.0,Clinton West,36061012900,012900
1235,50.0,Clinton West,36061013500,013500
219,51.0,Co-Op City,36005030200,030200
334,51.0,Co-Op City,36005046201,046201
335,51.0,Co-Op City,36005046202,046202
387,52.0,Cobble Hill,36047006700,006700
370,52.0,Cobble Hill,36047004900,004900
367,52.0,Cobble Hill,36047004500,004500
1920,53.0,College Point,36081090700,090700
1924,53.0,College Point,36081091900,091900
1926,53.0,College Point,36081092500,092500
1937,53.0,College Point,36081094700,094700
1928,53.0,College Point,36081092900,092900
1932,53.0,College Point,36081093900,093900
372,54.0,Columbia Street,36047005100,005100
369,54.0,Columbia Street,36047004700,004700
630,55.0,Coney Island,36047035000,035000
637,55.0,Coney Island,36047035602,035602
634,55.0,Coney Island,36047035400,035400
636,55.0,Coney Island,36047035601,035601
622,55.0,Coney Island,36047034000,034000
632,55.0,Coney Island,36047035200,035200
624,55.0,Coney Island,36047034200,034200
611,55.0,Coney Island,36047032600,032600
613,55.0,Coney Island,36047032800,032800
619,55.0,Coney Island,36047033600,033600
615,55.0,Coney Island,36047033000,033000
628,55.0,Coney Island,36047034800,034800
1667,56.0,Corona,36081043701,043701
1664,56.0,Corona,36081042700,042700
1680,56.0,Corona,36081045500,045500
1668,56.0,Corona,36081043702,043702
1672,56.0,Corona,36081044302,044302
1671,56.0,Corona,36081044301,044301
1669,56.0,Corona,36081043900,043900
1658,56.0,Corona,36081041100,041100
1659,56.0,Corona,36081041300,041300
1661,56.0,Corona,36081041500,041500
1649,57.0,Corona,36081039900,039900
199,58.0,Country Club,36005027401,027401
200,58.0,Country Club,36005027402,027402
97,59.0,Crotona Park,36005016300,016300
70,60.0,Crotona Park East,36005012300,012300
89,60.0,Crotona Park East,36005015300,015300
91,60.0,Crotona Park East,36005015700,015700
95,60.0,Crotona Park East,36005016100,016100
90,60.0,Crotona Park East,36005015500,015500
33,60.0,Crotona Park East,36005006000,006000
629,61.0,Crown Heights North,36047034900,034900
631,61.0,Crown Heights North,36047035100,035100
633,61.0,Crown Heights North,36047035300,035300
638,61.0,Crown Heights North,36047035700,035700
639,61.0,Crown Heights North,36047035900,035900
627,61.0,Crown Heights North,36047034700,034700
626,61.0,Crown Heights North,36047034500,034500
625,61.0,Crown Heights North,36047034300,034300
598,61.0,Crown Heights North,36047030700,030700
600,61.0,Crown Heights North,36047030900,030900
601,61.0,Crown Heights North,36047031100,031100
590,61.0,Crown Heights North,36047029900,029900
561,61.0,Crown Heights North,36047027100,027100
588,61.0,Crown Heights North,36047029700,029700
659,61.0,Crown Heights North,36047038100,038100
620,61.0,Crown Heights North,36047033700,033700
621,61.0,Crown Heights North,36047033900,033900
606,61.0,Crown Heights North,36047031702,031702
512,61.0,Crown Heights North,36047021900,021900
510,61.0,Crown Heights North,36047021700,021700
623,61.0,Crown Heights North,36047034100,034100
605,61.0,Crown Heights North,36047031701,031701
514,61.0,Crown Heights North,36047022100,022100
602,61.0,Crown Heights North,36047031300,031300
596,61.0,Crown Heights North,36047030500,030500
604,61.0,Crown Heights North,36047031500,031500
536,61.0,Crown Heights North,36047024700,024700
616,62.0,Crown Heights South,36047033100,033100
635,62.0,Crown Heights South,36047035500,035500
618,62.0,Crown Heights South,36047033500,033500
617,62.0,Crown Heights South,36047033300,033300
610,62.0,Crown Heights South,36047032500,032500
608,62.0,Crown Heights South,36047032100,032100
609,62.0,Crown Heights South,36047032300,032300
607,62.0,Crown Heights South,36047031900,031900
506,62.0,Crown Heights South,36047021300,021300
1084,63.0,Cypress Hills,36047118800,118800
1062,63.0,Cypress Hills,36047114600,114600
1085,63.0,Cypress Hills,36047119000,119000
1073,63.0,Cypress Hills,36047117201,117201
1059,63.0,Cypress Hills,36047114201,114201
1083,63.0,Cypress Hills,36047118600,118600
1078,63.0,Cypress Hills,36047117800,117800
1060,63.0,Cypress Hills,36047114202,114202
1074,63.0,Cypress Hills,36047117202,117202
1075,63.0,Cypress Hills,36047117400,117400
1082,63.0,Cypress Hills,36047118400,118400
1076,63.0,Cypress Hills,36047117601,117601
1077,63.0,Cypress Hills,36047117602,117602
1079,63.0,Cypress Hills,36047118000,118000
1080,63.0,Cypress Hills,36047118201,118201
1081,63.0,Cypress Hills,36047118202,118202
1091,63.0,Cypress Hills,36047120200,120200
2024,64.0,Douglaston,36081138502,138502
2044,64.0,Douglaston,36081152901,152901
2045,64.0,Douglaston,36081152902,152902
2042,64.0,Douglaston,36081150701,150701
2043,64.0,Douglaston,36081150702,150702
2040,64.0,Douglaston,36081147900,147900
2041,64.0,Douglaston,36081148300,148300
346,65.0,Downtown Brooklyn/MetroTech,36047001100,001100
348,65.0,Downtown Brooklyn/MetroTech,36047001500,001500
347,65.0,Downtown Brooklyn/MetroTech,36047001300,001300
353,66.0,DUMBO/Vinegar Hill,36047002300,002300
351,66.0,DUMBO/Vinegar Hill,36047002100,002100
452,67.0,Dyker Heights,36047015400,015400
448,67.0,Dyker Heights,36047015000,015000
450,67.0,Dyker Heights,36047015200,015200
446,67.0,Dyker Heights,36047014800,014800
462,67.0,Dyker Heights,36047016600,016600
492,67.0,Dyker Heights,36047019800,019800
494,67.0,Dyker Heights,36047020000,020000
440,67.0,Dyker Heights,36047014000,014000
496,67.0,Dyker Heights,36047020200,020200
498,67.0,Dyker Heights,36047020400,020400
490,67.0,Dyker Heights,36047019600,019600
500,67.0,Dyker Heights,36047020600,020600
488,67.0,Dyker Heights,36047019400,019400
502,67.0,Dyker Heights,36047020800,020800
503,67.0,Dyker Heights,36047021000,021000
432,67.0,Dyker Heights,36047013200,013200
505,67.0,Dyker Heights,36047021200,021200
427,67.0,Dyker Heights,36047012801,012801
1181,68.0,East Chelsea,36061008300,008300
1188,68.0,East Chelsea,36061008900,008900
1192,68.0,East Chelsea,36061009300,009300
1196,68.0,East Chelsea,36061009700,009700
1202,68.0,East Chelsea,36061010300,010300
1209,68.0,East Chelsea,36061011100,011100
103,69.0,East Concourse/Concourse Village,36005017100,017100
151,69.0,East Concourse/Concourse Village,36005022500,022500
34,69.0,East Concourse/Concourse Village,36005006100,006100
32,69.0,East Concourse/Concourse Village,36005005902,005902
104,69.0,East Concourse/Concourse Village,36005017300,017300
113,69.0,East Concourse/Concourse Village,36005018302,018302
112,69.0,East Concourse/Concourse Village,36005018301,018301
81,69.0,East Concourse/Concourse Village,36005014300,014300
105,69.0,East Concourse/Concourse Village,36005017500,017500
110,69.0,East Concourse/Concourse Village,36005018101,018101
111,69.0,East Concourse/Concourse Village,36005018102,018102
106,69.0,East Concourse/Concourse Village,36005017701,017701
108,69.0,East Concourse/Concourse Village,36005017901,017901
107,69.0,East Concourse/Concourse Village,36005017702,017702
109,69.0,East Concourse/Concourse Village,36005017902,017902
1633,70.0,East Elmhurst,36081036500,036500
1638,70.0,East Elmhurst,36081037300,037300
1632,70.0,East Elmhurst,36081036300,036300
1628,70.0,East Elmhurst,36081035300,035300
1631,70.0,East Elmhurst,36081036100,036100
1635,70.0,East Elmhurst,36081036700,036700
1637,70.0,East Elmhurst,36081037100,037100
1629,70.0,East Elmhurst,36081035700,035700
928,71.0,East Flatbush/Farragut,36047078000,078000
957,71.0,East Flatbush/Farragut,36047083600,083600
1000,71.0,East Flatbush/Farragut,36047093200,093200
956,71.0,East Flatbush/Farragut,36047083400,083400
958,71.0,East Flatbush/Farragut,36047083800,083800
959,71.0,East Flatbush/Farragut,36047084000,084000
962,71.0,East Flatbush/Farragut,36047085000,085000
963,71.0,East Flatbush/Farragut,36047085200,085200
967,71.0,East Flatbush/Farragut,36047086000,086000
966,71.0,East Flatbush/Farragut,36047085800,085800
946,71.0,East Flatbush/Farragut,36047081400,081400
973,71.0,East Flatbush/Farragut,36047087200,087200
972,71.0,East Flatbush/Farragut,36047087000,087000
930,71.0,East Flatbush/Farragut,36047078400,078400
929,71.0,East Flatbush/Farragut,36047078200,078200
954,71.0,East Flatbush/Farragut,36047083000,083000
955,71.0,East Flatbush/Farragut,36047083200,083200
964,71.0,East Flatbush/Farragut,36047085400,085400
965,71.0,East Flatbush/Farragut,36047085600,085600
947,71.0,East Flatbush/Farragut,36047081600,081600
960,72.0,East Flatbush/Remsen Village,36047084600,084600
1006,72.0,East Flatbush/Remsen Village,36047094600,094600
961,72.0,East Flatbush/Remsen Village,36047084800,084800
1001,72.0,East Flatbush/Remsen Village,36047093400,093400
1002,72.0,East Flatbush/Remsen Village,36047093600,093600
999,72.0,East Flatbush/Remsen Village,36047093000,093000
968,72.0,East Flatbush/Remsen Village,36047086200,086200
1003,72.0,East Flatbush/Remsen Village,36047093800,093800
998,72.0,East Flatbush/Remsen Village,36047092800,092800
981,72.0,East Flatbush/Remsen Village,36047088800,088800
971,72.0,East Flatbush/Remsen Village,36047086800,086800
969,72.0,East Flatbush/Remsen Village,36047086400,086400
970,72.0,East Flatbush/Remsen Village,36047086600,086600
982,72.0,East Flatbush/Remsen Village,36047089000,089000
980,72.0,East Flatbush/Remsen Village,36047088600,088600
978,72.0,East Flatbush/Remsen Village,36047088200,088200
979,72.0,East Flatbush/Remsen Village,36047088400,088400
1998,73.0,East Flushing,36081120300,120300
2000,73.0,East Flushing,36081120700,120700
1999,73.0,East Flushing,36081120500,120500
1997,73.0,East Flushing,36081120100,120100
1996,73.0,East Flushing,36081119900,119900
1995,73.0,East Flushing,36081119500,119500
1992,73.0,East Flushing,36081118900,118900
1993,73.0,East Flushing,36081119100,119100
1994,73.0,East Flushing,36081119300,119300
1911,73.0,East Flushing,36081086100,086100
1990,73.0,East Flushing,36081118500,118500
1991,73.0,East Flushing,36081118700,118700
1286,74.0,East Harlem North,36061018000,018000
1284,74.0,East Harlem North,36061017800,017800
1294,74.0,East Harlem North,36061018800,018800
1298,74.0,East Harlem North,36061019200,019200
1300,74.0,East Harlem North,36061019400,019400
1302,74.0,East Harlem North,36061019600,019600
1351,74.0,East Harlem North,36061024200,024200
1316,74.0,East Harlem North,36061021000,021000
1288,74.0,East Harlem North,36061018200,018200
1290,74.0,East Harlem North,36061018400,018400
1305,74.0,East Harlem North,36061019800,019800
1268,75.0,East Harlem South,36061016200,016200
1260,75.0,East Harlem South,36061015602,015602
1263,75.0,East Harlem South,36061015802,015802
1270,75.0,East Harlem South,36061016400,016400
1266,75.0,East Harlem South,36061016002,016002
1272,75.0,East Harlem South,36061016600,016600
1276,75.0,East Harlem South,36061017000,017000
1274,75.0,East Harlem South,36061016800,016800
1278,75.0,East Harlem South,36061017200,017200
1280,75.0,East Harlem South,36061017401,017401
1281,75.0,East Harlem South,36061017402,017402
1072,76.0,East New York,36047117000,117000
1071,76.0,East New York,36047116800,116800
1045,76.0,East New York,36047109800,109800
1044,76.0,East New York,36047107800,107800
1047,76.0,East New York,36047110600,110600
1043,76.0,East New York,36047107000,107000
1046,76.0,East New York,36047110400,110400
1048,76.0,East New York,36047111000,111000
1049,76.0,East New York,36047111600,111600
1095,76.0,East New York,36047122000,122000
1053,76.0,East New York,36047112400,112400
1051,76.0,East New York,36047112000,112000
1094,76.0,East New York,36047121400,121400
1050,76.0,East New York,36047111800,111800
1067,76.0,East New York,36047116000,116000
1093,76.0,East New York,36047121000,121000
1068,76.0,East New York,36047116200,116200
1069,76.0,East New York,36047116400,116400
1092,76.0,East New York,36047120800,120800
1087,76.0,East New York,36047119400,119400
1064,76.0,East New York,36047115200,115200
1063,76.0,East New York,36047115000,115000
1070,76.0,East New York,36047116600,116600
1090,76.0,East New York,36047120000,120000
1088,76.0,East New York,36047119600,119600
1089,76.0,East New York,36047119800,119800
1086,76.0,East New York,36047119200,119200
1057,77.0,East New York/Pennsylvania Avenue,36047113200,113200
1055,77.0,East New York/Pennsylvania Avenue,36047112800,112800
1056,77.0,East New York/Pennsylvania Avenue,36047113000,113000
1052,77.0,East New York/Pennsylvania Avenue,36047112200,112200
1054,77.0,East New York/Pennsylvania Avenue,36047112600,112600
1058,77.0,East New York/Pennsylvania Avenue,36047113400,113400
1065,77.0,East New York/Pennsylvania Avenue,36047115600,115600
1066,77.0,East New York/Pennsylvania Avenue,36047115800,115800
1061,77.0,East New York/Pennsylvania Avenue,36047114400,114400
257,78.0,East Tremont,36005036700,036700
250,78.0,East Tremont,36005035900,035900
143,78.0,East Tremont,36005022000,022000
252,78.0,East Tremont,36005036100,036100
256,78.0,East Tremont,36005036502,036502
260,78.0,East Tremont,36005036902,036902
259,78.0,East Tremont,36005036901,036901
253,78.0,East Tremont,36005036300,036300
255,78.0,East Tremont,36005036501,036501
262,78.0,East Tremont,36005037100,037100
264,78.0,East Tremont,36005037300,037300
266,78.0,East Tremont,36005037504,037504
1130,79.0,East Village,36061003002,003002
1136,79.0,East Village,36061003602,003602
1132,79.0,East Village,36061003200,003200
1138,79.0,East Village,36061003800,003800
1134,79.0,East Village,36061003400,003400
1140,79.0,East Village,36061004000,004000
1142,79.0,East Village,36061004200,004200
746,80.0,East Williamsburg,36047048100,048100
727,80.0,East Williamsburg,36047044900,044900
754,80.0,East Williamsburg,36047049100,049100
777,80.0,East Williamsburg,36047051100,051100
768,80.0,East Williamsburg,36047050500,050500
766,80.0,East Williamsburg,36047050300,050300
758,80.0,East Williamsburg,36047049500,049500
764,80.0,East Williamsburg,36047050100,050100
760,80.0,East Williamsburg,36047049700,049700
743,80.0,East Williamsburg,36047047700,047700
248,81.0,Eastchester,36005035600,035600
254,81.0,Eastchester,36005036400,036400
249,81.0,Eastchester,36005035800,035800
276,81.0,Eastchester,36005038600,038600
333,81.0,Eastchester,36005046000,046000
336,81.0,Eastchester,36005048400,048400
332,81.0,Eastchester,36005045800,045800
331,81.0,Eastchester,36005045600,045600
1716,82.0,Elmhurst,36081049900,049900
1699,82.0,Elmhurst,36081047500,047500
1844,82.0,Elmhurst,36081068300,068300
1698,82.0,Elmhurst,36081047300,047300
1682,82.0,Elmhurst,36081045700,045700
1684,82.0,Elmhurst,36081045900,045900
1696,82.0,Elmhurst,36081047100,047100
1686,82.0,Elmhurst,36081046100,046100
1704,82.0,Elmhurst,36081048100,048100
1688,82.0,Elmhurst,36081046300,046300
1584,82.0,Elmhurst,36081026902,026902
1694,82.0,Elmhurst,36081046900,046900
1586,82.0,Elmhurst,36081027100,027100
1582,82.0,Elmhurst,36081026700,026700
1692,82.0,Elmhurst,36081046700,046700
1583,82.0,Elmhurst,36081026901,026901
1690,82.0,Elmhurst,36081046500,046500
1702,83.0,Elmhurst/Maspeth,36081047900,047900
1709,83.0,Elmhurst/Maspeth,36081048900,048900
1562,83.0,Elmhurst/Maspeth,36081024300,024300
1708,83.0,Elmhurst/Maspeth,36081048500,048500
1706,83.0,Elmhurst/Maspeth,36081048300,048300
1580,83.0,Elmhurst/Maspeth,36081026500,026500
2134,84.0,Eltingville/Annadale/Prince's Bay,36085019800,019800
2126,84.0,Eltingville/Annadale/Prince's Bay,36085017600,017600
2115,84.0,Eltingville/Annadale/Prince's Bay,36085015602,015602
2118,84.0,Eltingville/Annadale/Prince's Bay,36085017005,017005
2123,84.0,Eltingville/Annadale/Prince's Bay,36085017011,017011
2124,84.0,Eltingville/Annadale/Prince's Bay,36085017012,017012
933,85.0,Erasmus,36047079000,079000
953,85.0,Erasmus,36047082800,082800
934,85.0,Erasmus,36047079200,079200
952,85.0,Erasmus,36047082600,082600
935,85.0,Erasmus,36047079400,079400
951,85.0,Erasmus,36047082400,082400
948,85.0,Erasmus,36047081800,081800
1958,86.0,Far Rockaway,36081101002,101002
1957,86.0,Far Rockaway,36081101001,101001
1962,86.0,Far Rockaway,36081103202,103202
1953,86.0,Far Rockaway,36081099802,099802
1952,86.0,Far Rockaway,36081099801,099801
1956,86.0,Far Rockaway,36081100802,100802
1961,86.0,Far Rockaway,36081103201,103201
1955,86.0,Far Rockaway,36081100801,100801
1105,87.0,Financial District North,36061000700,000700
1115,87.0,Financial District North,36061001502,001502
1107,88.0,Financial District South,36061000900,000900
735,89.0,Flatbush/Ditmas Park,36047046201,046201
745,89.0,Flatbush/Ditmas Park,36047048000,048000
792,89.0,Flatbush/Ditmas Park,36047052800,052800
734,89.0,Flatbush/Ditmas Park,36047046000,046000
926,89.0,Flatbush/Ditmas Park,36047077400,077400
921,89.0,Flatbush/Ditmas Park,36047076400,076400
925,89.0,Flatbush/Ditmas Park,36047077200,077200
922,89.0,Flatbush/Ditmas Park,36047076600,076600
747,89.0,Flatbush/Ditmas Park,36047048200,048200
931,89.0,Flatbush/Ditmas Park,36047078600,078600
924,89.0,Flatbush/Ditmas Park,36047077000,077000
790,89.0,Flatbush/Ditmas Park,36047052600,052600
785,89.0,Flatbush/Ditmas Park,36047051800,051800
787,89.0,Flatbush/Ditmas Park,36047052000,052000
932,89.0,Flatbush/Ditmas Park,36047078800,078800
782,89.0,Flatbush/Ditmas Park,36047051601,051601
783,89.0,Flatbush/Ditmas Park,36047051602,051602
780,89.0,Flatbush/Ditmas Park,36047051400,051400
1098,89.0,Flatbush/Ditmas Park,36047152200,152200
775,89.0,Flatbush/Ditmas Park,36047051001,051001
778,89.0,Flatbush/Ditmas Park,36047051200,051200
776,89.0,Flatbush/Ditmas Park,36047051002,051002
769,89.0,Flatbush/Ditmas Park,36047050600,050600
771,89.0,Flatbush/Ditmas Park,36047050801,050801
773,89.0,Flatbush/Ditmas Park,36047050804,050804
772,89.0,Flatbush/Ditmas Park,36047050803,050803
1179,90.0,Flatiron,36061008100,008100
1186,90.0,Flatiron,36061008700,008700
1190,90.0,Flatiron,36061009100,009100
886,91.0,Flatlands,36047068200,068200
888,91.0,Flatlands,36047068800,068800
881,91.0,Flatlands,36047067200,067200
889,91.0,Flatlands,36047069000,069000
882,91.0,Flatlands,36047067400,067400
872,91.0,Flatlands,36047065000,065000
885,91.0,Flatlands,36047068000,068000
908,91.0,Flatlands,36047073800,073800
890,91.0,Flatlands,36047069200,069200
907,91.0,Flatlands,36047073600,073600
883,91.0,Flatlands,36047067600,067600
904,91.0,Flatlands,36047073000,073000
884,91.0,Flatlands,36047067800,067800
909,91.0,Flatlands,36047074000,074000
906,91.0,Flatlands,36047073400,073400
905,91.0,Flatlands,36047073200,073200
899,91.0,Flatlands,36047072000,072000
903,91.0,Flatlands,36047072800,072800
902,91.0,Flatlands,36047072600,072600
900,91.0,Flatlands,36047072200,072200
901,91.0,Flatlands,36047072400,072400
1005,91.0,Flatlands,36047094402,094402
1004,91.0,Flatlands,36047094401,094401
912,91.0,Flatlands,36047074600,074600
911,91.0,Flatlands,36047074400,074400
910,91.0,Flatlands,36047074200,074200
927,91.0,Flatlands,36047077600,077600
1903,92.0,Flushing,36081084500,084500
1893,92.0,Flushing,36081079702,079702
1892,92.0,Flushing,36081079701,079701
1910,92.0,Flushing,36081085900,085900
1906,92.0,Flushing,36081084900,084900
1907,92.0,Flushing,36081085300,085300
1909,92.0,Flushing,36081085700,085700
1916,92.0,Flushing,36081087100,087100
1908,92.0,Flushing,36081085500,085500
1914,92.0,Flushing,36081086500,086500
1915,92.0,Flushing,36081086900,086900
1984,92.0,Flushing,36081116100,116100
1918,92.0,Flushing,36081088901,088901
1645,93.0,Flushing Meadows-Corona Park,36081038302,038302
168,94.0,Fordham South,36005023704,023704
274,94.0,Fordham South,36005038302,038302
273,94.0,Fordham South,36005038301,038301
170,94.0,Fordham South,36005023900,023900
167,94.0,Fordham South,36005023703,023703
1823,95.0,Forest Hills,36081064500,064500
1867,95.0,Forest Hills,36081073100,073100
1866,95.0,Forest Hills,36081072900,072900
1874,95.0,Forest Hills,36081074900,074900
1878,95.0,Forest Hills,36081076902,076902
1865,95.0,Forest Hills,36081072300,072300
1877,95.0,Forest Hills,36081076901,076901
1875,95.0,Forest Hills,36081075701,075701
1868,95.0,Forest Hills,36081073700,073700
1855,95.0,Forest Hills,36081071100,071100
1876,95.0,Forest Hills,36081075702,075702
1869,95.0,Forest Hills,36081073900,073900
1858,95.0,Forest Hills,36081071305,071305
1856,95.0,Forest Hills,36081071303,071303
1870,95.0,Forest Hills,36081074100,074100
1857,95.0,Forest Hills,36081071304,071304
1864,95.0,Forest Hills,36081072100,072100
1871,95.0,Forest Hills,36081074300,074300
1873,95.0,Forest Hills,36081074700,074700
1872,95.0,Forest Hills,36081074500,074500
1853,95.0,Forest Hills,36081070700,070700
1854,95.0,Forest Hills,36081070900,070900
1859,95.0,Forest Hills,36081071306,071306
1863,95.0,Forest Hills,36081071900,071900
1822,96.0,Forest Park/Highland Park,36081064102,064102
1764,96.0,Forest Park/Highland Park,36081056100,056100
476,97.0,Fort Greene,36047018100,018100
357,97.0,Fort Greene,36047003300,003300
478,97.0,Fort Greene,36047018300,018300
356,97.0,Fort Greene,36047003100,003100
482,97.0,Fort Greene,36047018700,018700
480,97.0,Fort Greene,36047018501,018501
354,97.0,Fort Greene,36047002901,002901
504,97.0,Fort Greene,36047021100,021100
474,97.0,Fort Greene,36047017900,017900
359,97.0,Fort Greene,36047003500,003500
2018,98.0,Fresh Meadows,36081133900,133900
2017,98.0,Fresh Meadows,36081133300,133300
2019,98.0,Fresh Meadows,36081134100,134100
2012,98.0,Fresh Meadows,36081128300,128300
2020,98.0,Fresh Meadows,36081134700,134700
2143,99.0,Freshkills Park,36085022800,022800
1207,100.0,Garment District,36061010900,010900
1213,100.0,Garment District,36061011300,011300
2053,101.0,Glen Oaks,36081157903,157903
2052,101.0,Glen Oaks,36081157902,157902
2051,101.0,Glen Oaks,36081157901,157901
2047,101.0,Glen Oaks,36081155102,155102
2046,101.0,Glen Oaks,36081155101,155101
1767,102.0,Glendale,36081056500,056500
1769,102.0,Glendale,36081056700,056700
1771,102.0,Glendale,36081057700,057700
1812,102.0,Glendale,36081062900,062900
1772,102.0,Glendale,36081057900,057900
1811,102.0,Glendale,36081062700,062700
1809,102.0,Glendale,36081062500,062500
1820,102.0,Glendale,36081063900,063900
1815,102.0,Glendale,36081063301,063301
1807,102.0,Glendale,36081062300,062300
1817,102.0,Glendale,36081063500,063500
1816,102.0,Glendale,36081063302,063302
1818,102.0,Glendale,36081063700,063700
1100,103.0,Governor's Island/Ellis Island/Liberty Island,36061000100,000100
1103,105.0,Governor's Island/Ellis Island/Liberty Island,36061000500,000500
419,106.0,Gowanus,36047011700,011700
423,106.0,Gowanus,36047012100,012100
421,106.0,Gowanus,36047011900,011900
1147,107.0,Gramercy,36061004800,004800
1149,107.0,Gramercy,36061005000,005000
1162,107.0,Gramercy,36061006400,006400
1166,107.0,Gramercy,36061006800,006800
655,108.0,Gravesend,36047037402,037402
654,108.0,Gravesend,36047037401,037401
663,108.0,Gravesend,36047038600,038600
675,108.0,Gravesend,36047039800,039800
599,108.0,Gravesend,36047030800,030800
603,108.0,Gravesend,36047031400,031400
597,108.0,Gravesend,36047030600,030600
660,108.0,Gravesend,36047038200,038200
2116,109.0,Great Kills,36085015603,015603
2114,109.0,Great Kills,36085015601,015601
2099,109.0,Great Kills,36085013203,013203
2106,109.0,Great Kills,36085014604,014604
2109,109.0,Great Kills,36085014607,014607
2107,109.0,Great Kills,36085014605,014605
2110,109.0,Great Kills,36085014608,014608
2108,109.0,Great Kills,36085014606,014606
2113,110.0,Great Kills Park,36085015400,015400
470,111.0,Green-Wood Cemetery,36047017500,017500
847,112.0,Greenpoint,36047059300,059300
762,112.0,Greenpoint,36047049900,049900
845,112.0,Greenpoint,36047059100,059100
828,112.0,Greenpoint,36047056900,056900
830,112.0,Greenpoint,36047057100,057100
843,112.0,Greenpoint,36047058900,058900
821,112.0,Greenpoint,36047056100,056100
832,112.0,Greenpoint,36047057300,057300
825,112.0,Greenpoint,36047056500,056500
834,112.0,Greenpoint,36047057500,057500
823,112.0,Greenpoint,36047056300,056300
837,112.0,Greenpoint,36047057900,057900
1155,113.0,Greenwich Village North,36061005700,005700
1157,113.0,Greenwich Village North,36061005900,005900
1159,113.0,Greenwich Village North,36061006100,006100
1161,113.0,Greenwich Village North,36061006300,006300
1153,114.0,Greenwich Village South,36061005502,005502
1152,114.0,Greenwich Village South,36061005501,005501
1163,114.0,Greenwich Village South,36061006500,006500
2073,115.0,Grymes Hill/Clifton,36085004000,004000
2074,115.0,Grymes Hill/Clifton,36085004700,004700
2072,115.0,Grymes Hill/Clifton,36085003900,003900
2070,115.0,Grymes Hill/Clifton,36085003300,003300
1334,116.0,Hamilton Heights,36061022700,022700
1332,116.0,Hamilton Heights,36061022500,022500
1336,116.0,Hamilton Heights,36061022900,022900
1338,116.0,Hamilton Heights,36061023100,023100
1340,116.0,Hamilton Heights,36061023300,023300
1342,116.0,Hamilton Heights,36061023501,023501
1345,116.0,Hamilton Heights,36061023700,023700
1935,117.0,Hammels/Arverne,36081094203,094203
1934,117.0,Hammels/Arverne,36081094202,094202
1940,117.0,Hammels/Arverne,36081097202,097202
1938,117.0,Hammels/Arverne,36081095400,095400
1942,117.0,Hammels/Arverne,36081097204,097204
1939,117.0,Hammels/Arverne,36081096400,096400
1941,117.0,Hammels/Arverne,36081097203,097203
1947,117.0,Hammels/Arverne,36081099200,099200
2127,118.0,Heartland Village/Todt Hill,36085017700,017700
2157,118.0,Heartland Village/Todt Hill,36085027900,027900
2153,118.0,Heartland Village/Todt Hill,36085027702,027702
2154,118.0,Heartland Village/Todt Hill,36085027704,027704
2128,118.0,Heartland Village/Todt Hill,36085018100,018100
2155,118.0,Heartland Village/Todt Hill,36085027705,027705
2156,118.0,Heartland Village/Todt Hill,36085027706,027706
132,119.0,Highbridge,36005021100,021100
142,119.0,Highbridge,36005021900,021900
123,119.0,Highbridge,36005020100,020100
135,119.0,Highbridge,36005021302,021302
116,119.0,Highbridge,36005018900,018900
117,119.0,Highbridge,36005019300,019300
121,119.0,Highbridge,36005019900,019900
1384,120.0,Highbridge Park,36061031100,031100
2010,121.0,Hillcrest/Pomonok,36081126700,126700
2009,121.0,Hillcrest/Pomonok,36081126500,126500
2006,121.0,Hillcrest/Pomonok,36081124100,124100
2007,121.0,Hillcrest/Pomonok,36081124700,124700
2004,121.0,Hillcrest/Pomonok,36081122701,122701
2005,121.0,Hillcrest/Pomonok,36081122702,122702
2003,121.0,Hillcrest/Pomonok,36081122300,122300
1720,122.0,Hollis,36081050400,050400
1722,122.0,Hollis,36081050600,050600
1724,122.0,Hollis,36081050800,050800
1718,122.0,Hollis,36081050201,050201
1725,122.0,Hollis,36081051000,051000
1719,122.0,Hollis,36081050202,050202
1717,122.0,Hollis,36081050000,050000
1705,122.0,Hollis,36081048200,048200
1707,122.0,Hollis,36081048400,048400
842,123.0,Homecrest,36047058800,058800
665,123.0,Homecrest,36047038800,038800
667,123.0,Homecrest,36047039000,039000
840,123.0,Homecrest,36047058400,058400
669,123.0,Homecrest,36047039200,039200
673,123.0,Homecrest,36047039600,039600
839,123.0,Homecrest,36047058200,058200
671,123.0,Homecrest,36047039400,039400
691,123.0,Homecrest,36047041401,041401
694,123.0,Homecrest,36047041600,041600
692,123.0,Homecrest,36047041402,041402
817,123.0,Homecrest,36047055600,055600
696,123.0,Homecrest,36047041800,041800
700,123.0,Homecrest,36047042200,042200
815,123.0,Homecrest,36047055400,055400
698,123.0,Homecrest,36047042000,042000
1919,124.0,Howard Beach,36081089200,089200
1917,124.0,Howard Beach,36081088400,088400
1433,124.0,Howard Beach,36081006202,006202
1432,124.0,Howard Beach,36081006201,006201
1137,125.0,Hudson Sq,36061003700,003700
60,126.0,Hunts Point,36005009300,009300
65,126.0,Hunts Point,36005011700,011700
57,126.0,Hunts Point,36005008900,008900
64,126.0,Hunts Point,36005011502,011502
93,126.0,Hunts Point,36005015900,015900
67,126.0,Hunts Point,36005011900,011900
72,126.0,Hunts Point,36005012701,012701
69,126.0,Hunts Point,36005012102,012102
1380,127.0,Inwood,36061029900,029900
1376,127.0,Inwood,36061029100,029100
1377,127.0,Inwood,36061029300,029300
1378,127.0,Inwood,36061029500,029500
1381,127.0,Inwood,36061030300,030300
1382,127.0,Inwood,36061030700,030700
1379,128.0,Inwood Hill Park,36061029700,029700
1600,129.0,Jackson Heights,36081028500,028500
1604,129.0,Jackson Heights,36081029100,029100
1594,129.0,Jackson Heights,36081027900,027900
1603,129.0,Jackson Heights,36081028900,028900
1598,129.0,Jackson Heights,36081028300,028300
1601,129.0,Jackson Heights,36081028700,028700
1588,129.0,Jackson Heights,36081027300,027300
1596,129.0,Jackson Heights,36081028100,028100
1590,129.0,Jackson Heights,36081027500,027500
1592,129.0,Jackson Heights,36081027700,027700
1611,129.0,Jackson Heights,36081030902,030902
1612,129.0,Jackson Heights,36081030903,030903
1616,129.0,Jackson Heights,36081032700,032700
1623,129.0,Jackson Heights,36081033700,033700
1626,129.0,Jackson Heights,36081035100,035100
1624,129.0,Jackson Heights,36081033900,033900
1613,129.0,Jackson Heights,36081030904,030904
1618,129.0,Jackson Heights,36081032900,032900
1625,129.0,Jackson Heights,36081034700,034700
1549,130.0,Jamaica,36081021200,021200
1564,130.0,Jamaica,36081024600,024600
1561,130.0,Jamaica,36081024000,024000
1560,130.0,Jamaica,36081023800,023800
1674,130.0,Jamaica,36081044601,044601
1673,130.0,Jamaica,36081044400,044400
1675,130.0,Jamaica,36081044602,044602
1685,130.0,Jamaica,36081046000,046000
1687,130.0,Jamaica,36081046200,046200
1693,130.0,Jamaica,36081046800,046800
1695,130.0,Jamaica,36081047000,047000
1703,130.0,Jamaica,36081048000,048000
1545,130.0,Jamaica,36081020400,020400
1547,130.0,Jamaica,36081020600,020600
1548,130.0,Jamaica,36081020800,020800
1691,131.0,Jamaica Estates,36081046600,046600
1683,131.0,Jamaica Estates,36081045800,045800
1689,131.0,Jamaica Estates,36081046400,046400
1697,131.0,Jamaica Estates,36081047200,047200
1701,131.0,Jamaica Estates,36081047800,047800
1700,131.0,Jamaica Estates,36081047600,047600
1710,131.0,Jamaica Estates,36081049200,049200
2011,131.0,Jamaica Estates,36081127700,127700
1860,132.0,JFK Airport,36081071600,071600
748,133.0,Kensington,36047048400,048400
753,133.0,Kensington,36047049000,049000
750,133.0,Kensington,36047048600,048600
751,133.0,Kensington,36047048800,048800
755,133.0,Kensington,36047049200,049200
757,133.0,Kensington,36047049400,049400
759,133.0,Kensington,36047049600,049600
761,133.0,Kensington,36047049800,049800
1491,134.0,Kew Gardens,36081014000,014000
1486,134.0,Kew Gardens,36081013400,013400
1488,134.0,Kew Gardens,36081013600,013600
1490,134.0,Kew Gardens,36081013800,013800
1880,134.0,Kew Gardens,36081077500,077500
1551,134.0,Kew Gardens,36081021600,021600
1879,134.0,Kew Gardens,36081077300,077300
1884,135.0,Kew Gardens Hills,36081077905,077905
1882,135.0,Kew Gardens Hills,36081077903,077903
1883,135.0,Kew Gardens Hills,36081077904,077904
2008,135.0,Kew Gardens Hills,36081125700,125700
1886,135.0,Kew Gardens Hills,36081077907,077907
1881,135.0,Kew Gardens Hills,36081077902,077902
1887,135.0,Kew Gardens Hills,36081077908,077908
1885,135.0,Kew Gardens Hills,36081077906,077906
1897,135.0,Kew Gardens Hills,36081080900,080900
1891,135.0,Kew Gardens Hills,36081079300,079300
190,136.0,Kingsbridge Heights,36005026300,026300
192,136.0,Kingsbridge Heights,36005026500,026500
184,136.0,Kingsbridge Heights,36005025300,025300
186,136.0,Kingsbridge Heights,36005025500,025500
189,136.0,Kingsbridge Heights,36005026100,026100
197,136.0,Kingsbridge Heights,36005026900,026900
1160,137.0,Kips Bay,36061006200,006200
1164,137.0,Kips Bay,36061006600,006600
1168,137.0,Kips Bay,36061007000,007000
1620,138.0,LaGuardia Airport,36081033100,033100
1825,139.0,Laurelton,36081065000,065000
1824,139.0,Laurelton,36081064600,064600
1814,139.0,Laurelton,36081063200,063200
1802,139.0,Laurelton,36081061800,061800
1813,139.0,Laurelton,36081063000,063000
1804,139.0,Laurelton,36081062000,062000
1800,139.0,Laurelton,36081061601,061601
1810,139.0,Laurelton,36081062600,062600
1808,139.0,Laurelton,36081062400,062400
1843,139.0,Laurelton,36081068200,068200
1617,139.0,Laurelton,36081032800,032800
1630,139.0,Laurelton,36081035800,035800
1205,140.0,Lenox Hill East,36061010602,010602
1217,140.0,Lenox Hill East,36061011600,011600
1224,140.0,Lenox Hill East,36061012400,012400
1232,140.0,Lenox Hill East,36061013200,013200
1208,141.0,Lenox Hill West,36061011000,011000
1219,141.0,Lenox Hill West,36061011800,011800
1226,141.0,Lenox Hill West,36061012600,012600
1234,141.0,Lenox Hill West,36061013400,013400
1261,142.0,Lincoln Square East,36061015700,015700
1245,142.0,Lincoln Square East,36061014500,014500
1251,142.0,Lincoln Square East,36061014900,014900
1256,142.0,Lincoln Square East,36061015300,015300
1248,143.0,Lincoln Square West,36061014700,014700
1254,143.0,Lincoln Square West,36061015100,015100
1258,143.0,Lincoln Square West,36061015500,015500
1264,143.0,Lincoln Square West,36061015900,015900
1143,144.0,Little Italy/NoLiTa,36061004300,004300
1141,144.0,Little Italy/NoLiTa,36061004100,004100
1145,144.0,Little Italy/NoLiTa,36061004500,004500
1388,145.0,Long Island City/Hunters Point,36081000100,000100
1392,145.0,Long Island City/Hunters Point,36081000700,000700
1399,145.0,Long Island City/Hunters Point,36081001900,001900
1407,146.0,Long Island City/Queens Plaza,36081003100,003100
1409,146.0,Long Island City/Queens Plaza,36081003300,003300
1427,146.0,Long Island City/Queens Plaza,36081005500,005500
1423,146.0,Long Island City/Queens Plaza,36081005100,005100
52,147.0,Longwood,36005008300,008300
54,147.0,Longwood,36005008500,008500
56,147.0,Longwood,36005008700,008700
73,147.0,Longwood,36005012901,012901
75,147.0,Longwood,36005013100,013100
1116,148.0,Lower East Side,36061001600,001600
1117,148.0,Lower East Side,36061001800,001800
1129,148.0,Lower East Side,36061003001,003001
1135,148.0,Lower East Side,36061003601,003601
827,149.0,Madison,36047056800,056800
838,149.0,Madison,36047058000,058000
836,149.0,Madison,36047057800,057800
835,149.0,Madison,36047057600,057600
833,149.0,Madison,36047057400,057400
826,149.0,Madison,36047056600,056600
819,149.0,Madison,36047055800,055800
820,149.0,Madison,36047056000,056000
822,149.0,Madison,36047056200,056200
824,149.0,Madison,36047056400,056400
813,149.0,Madison,36047055200,055200
811,149.0,Madison,36047055000,055000
809,149.0,Madison,36047054800,054800
868,149.0,Madison,36047064200,064200
861,150.0,Manhattan Beach,36047062200,062200
859,150.0,Manhattan Beach,36047061600,061600
860,150.0,Manhattan Beach,36047062000,062000
858,150.0,Manhattan Beach,36047061200,061200
854,150.0,Manhattan Beach,36047060800,060800
1291,151.0,Manhattan Valley,36061018500,018500
1295,151.0,Manhattan Valley,36061018900,018900
1293,151.0,Manhattan Valley,36061018700,018700
1297,151.0,Manhattan Valley,36061019100,019100
1319,152.0,Manhattanville,36061021303,021303
1325,152.0,Manhattanville,36061021900,021900
1323,152.0,Manhattanville,36061021703,021703
1330,152.0,Manhattanville,36061022302,022302
1329,152.0,Manhattanville,36061022301,022301
1383,153.0,Marble Hill,36061030900,030900
896,154.0,Marine Park/Floyd Bennett Field,36047070202,070202
879,154.0,Marine Park/Floyd Bennett Field,36047066600,066600
866,154.0,Marine Park/Floyd Bennett Field,36047063800,063800
898,155.0,Marine Park/Mill Basin,36047070600,070600
876,155.0,Marine Park/Mill Basin,36047065800,065800
895,155.0,Marine Park/Mill Basin,36047070201,070201
877,155.0,Marine Park/Mill Basin,36047066000,066000
878,155.0,Marine Park/Mill Basin,36047066200,066200
865,155.0,Marine Park/Mill Basin,36047063600,063600
867,155.0,Marine Park/Mill Basin,36047064000,064000
880,155.0,Marine Park/Mill Basin,36047067000,067000
874,155.0,Marine Park/Mill Basin,36047065400,065400
875,155.0,Marine Park/Mill Basin,36047065600,065600
887,155.0,Marine Park/Mill Basin,36047068600,068600
873,155.0,Marine Park/Mill Basin,36047065200,065200
870,155.0,Marine Park/Mill Basin,36047064600,064600
893,155.0,Marine Park/Mill Basin,36047069800,069800
871,155.0,Marine Park/Mill Basin,36047064800,064800
894,155.0,Marine Park/Mill Basin,36047070000,070000
892,155.0,Marine Park/Mill Basin,36047069602,069602
891,155.0,Marine Park/Mill Basin,36047069601,069601
869,155.0,Marine Park/Mill Basin,36047064400,064400
2141,156.0,Mariners Harbor,36085022300,022300
2164,156.0,Mariners Harbor,36085031902,031902
2161,156.0,Mariners Harbor,36085030301,030301
2162,156.0,Mariners Harbor,36085030302,030302
2145,156.0,Mariners Harbor,36085023900,023900
2144,156.0,Mariners Harbor,36085023100,023100
2163,156.0,Mariners Harbor,36085031901,031901
2165,156.0,Mariners Harbor,36085032300,032300
1790,157.0,Maspeth,36081060100,060100
1788,157.0,Maspeth,36081059900,059900
1734,157.0,Maspeth,36081052100,052100
1731,157.0,Maspeth,36081051700,051700
1713,157.0,Maspeth,36081049500,049500
1726,157.0,Maspeth,36081051100,051100
1712,157.0,Maspeth,36081049302,049302
1729,157.0,Maspeth,36081051500,051500
1728,157.0,Maspeth,36081051300,051300
1715,157.0,Maspeth,36081049700,049700
1711,157.0,Maspeth,36081049301,049301
1744,157.0,Maspeth,36081053500,053500
1737,157.0,Maspeth,36081052500,052500
1741,157.0,Maspeth,36081053100,053100
1167,158.0,Meatpacking/West Village West,36061006900,006900
1173,158.0,Meatpacking/West Village West,36061007500,007500
1177,158.0,Meatpacking/West Village West,36061007900,007900
45,159.0,Melrose South,36005007300,007300
51,159.0,Melrose South,36005007900,007900
38,159.0,Melrose South,36005006500,006500
47,159.0,Melrose South,36005007500,007500
43,159.0,Melrose South,36005007100,007100
39,159.0,Melrose South,36005006700,006700
49,159.0,Melrose South,36005007700,007700
41,159.0,Melrose South,36005006900,006900
1803,160.0,Middle Village,36081061900,061900
1805,160.0,Middle Village,36081062100,062100
1829,160.0,Middle Village,36081065702,065702
1791,160.0,Middle Village,36081060300,060300
1827,160.0,Middle Village,36081065501,065501
1830,160.0,Middle Village,36081065703,065703
1831,160.0,Middle Village,36081065900,065900
1793,160.0,Middle Village,36081060701,060701
1833,160.0,Middle Village,36081066100,066100
1840,160.0,Middle Village,36081067700,067700
1836,160.0,Middle Village,36081066501,066501
1837,160.0,Middle Village,36081066701,066701
1834,160.0,Middle Village,36081066300,066300
1838,160.0,Middle Village,36081066900,066900
1839,160.0,Middle Village,36081067100,067100
1841,160.0,Middle Village,36081067900,067900
1723,160.0,Middle Village,36081050700,050700
1721,160.0,Middle Village,36081050500,050500
1193,161.0,Midtown Center,36061009400,009400
1195,161.0,Midtown Center,36061009600,009600
1201,161.0,Midtown Center,36061010200,010200
1203,161.0,Midtown Center,36061010400,010400
1191,162.0,Midtown East,36061009200,009200
1199,162.0,Midtown East,36061010000,010000
1212,162.0,Midtown East,36061011203,011203
1211,163.0,Midtown North,36061011202,011202
1210,163.0,Midtown North,36061011201,011201
1237,163.0,Midtown North,36061013700,013700
1172,164.0,Midtown South,36061007400,007400
1174,164.0,Midtown South,36061007600,007600
1182,164.0,Midtown South,36061008400,008400
918,165.0,Midwood,36047075800,075800
917,165.0,Midwood,36047075600,075600
801,165.0,Midwood,36047053800,053800
923,165.0,Midwood,36047076800,076800
916,165.0,Midwood,36047075400,075400
919,165.0,Midwood,36047076000,076000
913,165.0,Midwood,36047074800,074800
798,165.0,Midwood,36047053400,053400
920,165.0,Midwood,36047076200,076200
915,165.0,Midwood,36047075200,075200
733,165.0,Midwood,36047045800,045800
796,165.0,Midwood,36047053200,053200
914,165.0,Midwood,36047075000,075000
732,165.0,Midwood,36047045600,045600
794,165.0,Midwood,36047053000,053000
803,165.0,Midwood,36047054200,054200
805,165.0,Midwood,36047054400,054400
807,165.0,Midwood,36047054600,054600
1303,166.0,Morningside Heights,36061019701,019701
1306,166.0,Morningside Heights,36061019900,019900
1308,166.0,Morningside Heights,36061020101,020101
1311,166.0,Morningside Heights,36061020500,020500
1310,166.0,Morningside Heights,36061020300,020300
1313,166.0,Morningside Heights,36061020701,020701
1315,166.0,Morningside Heights,36061020901,020901
1317,166.0,Morningside Heights,36061021100,021100
87,167.0,Morrisania/Melrose,36005015100,015100
86,167.0,Morrisania/Melrose,36005014900,014900
77,167.0,Morrisania/Melrose,36005013300,013300
78,167.0,Morrisania/Melrose,36005013500,013500
68,167.0,Morrisania/Melrose,36005012101,012101
71,167.0,Morrisania/Melrose,36005012500,012500
80,167.0,Morrisania/Melrose,36005014100,014100
115,167.0,Morrisania/Melrose,36005018500,018500
4,168.0,Mott Haven/Port Morris,36005001900,001900
9,168.0,Mott Haven/Port Morris,36005002701,002701
10,168.0,Mott Haven/Port Morris,36005002702,002702
8,168.0,Mott Haven/Port Morris,36005002500,002500
13,168.0,Mott Haven/Port Morris,36005003300,003300
6,168.0,Mott Haven/Port Morris,36005002300,002300
17,168.0,Mott Haven/Port Morris,36005003900,003900
15,168.0,Mott Haven/Port Morris,36005003700,003700
12,168.0,Mott Haven/Port Morris,36005003100,003100
19,168.0,Mott Haven/Port Morris,36005004100,004100
14,168.0,Mott Haven/Port Morris,36005003500,003500
21,168.0,Mott Haven/Port Morris,36005004300,004300
27,168.0,Mott Haven/Port Morris,36005005100,005100
159,169.0,Mount Hope,36005023100,023100
164,169.0,Mount Hope,36005023502,023502
269,169.0,Mount Hope,36005037900,037900
271,169.0,Mount Hope,36005038100,038100
157,169.0,Mount Hope,36005022902,022902
154,169.0,Mount Hope,36005022703,022703
153,169.0,Mount Hope,36005022702,022702
156,169.0,Mount Hope,36005022901,022901
152,169.0,Mount Hope,36005022701,022701
162,169.0,Mount Hope,36005023302,023302
161,169.0,Mount Hope,36005023301,023301
163,169.0,Mount Hope,36005023501,023501
172,169.0,Mount Hope,36005024100,024100
1170,170.0,Murray Hill,36061007200,007200
1176,170.0,Murray Hill,36061007800,007800
1178,170.0,Murray Hill,36061008000,008000
1180,170.0,Murray Hill,36061008200,008200
1912,171.0,Murray Hill-Queens,36081086300,086300
1988,171.0,Murray Hill-Queens,36081117500,117500
1986,171.0,Murray Hill-Queens,36081116700,116700
1987,171.0,Murray Hill-Queens,36081117100,117100
1985,171.0,Murray Hill-Queens,36081116300,116300
1982,171.0,Murray Hill-Queens,36081115700,115700
1981,171.0,Murray Hill-Queens,36081115500,115500
1983,171.0,Murray Hill-Queens,36081115900,115900
1980,171.0,Murray Hill-Queens,36081115100,115100
1979,171.0,Murray Hill-Queens,36081114700,114700
1978,171.0,Murray Hill-Queens,36081114100,114100
1966,171.0,Murray Hill-Queens,36081105900,105900
1965,171.0,Murray Hill-Queens,36081104700,104700
2095,172.0,New Dorp/Midland Beach,36085012804,012804
2103,172.0,New Dorp/Midland Beach,36085013400,013400
2089,172.0,New Dorp/Midland Beach,36085011202,011202
2093,172.0,New Dorp/Midland Beach,36085012200,012200
2091,172.0,New Dorp/Midland Beach,36085011402,011402
1657,173.0,North Corona,36081040900,040900
1656,173.0,North Corona,36081040700,040700
1655,173.0,North Corona,36081040500,040500
1653,173.0,North Corona,36081040300,040300
1639,173.0,North Corona,36081037500,037500
1651,173.0,North Corona,36081040100,040100
1642,173.0,North Corona,36081037900,037900
1641,173.0,North Corona,36081037700,037700
1643,173.0,North Corona,36081038100,038100
314,174.0,Norwood,36005042500,042500
317,174.0,Norwood,36005042901,042901
312,174.0,Norwood,36005042300,042300
308,174.0,Norwood,36005041900,041900
318,174.0,Norwood,36005042902,042902
310,174.0,Norwood,36005042100,042100
320,174.0,Norwood,36005043100,043100
2013,175.0,Oakland Gardens,36081129102,129102
2014,175.0,Oakland Gardens,36081129103,129103
2015,175.0,Oakland Gardens,36081129104,129104
2021,175.0,Oakland Gardens,36081136700,136700
2022,175.0,Oakland Gardens,36081137700,137700
2023,175.0,Oakland Gardens,36081138501,138501
2096,176.0,Oakwood,36085012805,012805
2100,176.0,Oakwood,36085013204,013204
2097,176.0,Oakwood,36085012806,012806
2098,176.0,Oakwood,36085013201,013201
2104,176.0,Oakwood,36085013800,013800
642,177.0,Ocean Hill,36047036100,036100
644,177.0,Ocean Hill,36047036300,036300
647,177.0,Ocean Hill,36047036502,036502
594,177.0,Ocean Hill,36047030300,030300
646,177.0,Ocean Hill,36047036501,036501
649,177.0,Ocean Hill,36047036700,036700
592,177.0,Ocean Hill,36047030100,030100
650,177.0,Ocean Hill,36047036900,036900
652,177.0,Ocean Hill,36047037100,037100
653,177.0,Ocean Hill,36047037300,037300
722,178.0,Ocean Parkway South,36047044400,044400
726,178.0,Ocean Parkway South,36047044800,044800
731,178.0,Ocean Parkway South,36047045400,045400
729,178.0,Ocean Parkway South,36047045200,045200
728,178.0,Ocean Parkway South,36047045000,045000
736,178.0,Ocean Parkway South,36047046202,046202
716,178.0,Ocean Parkway South,36047043800,043800
720,178.0,Ocean Parkway South,36047044200,044200
718,178.0,Ocean Parkway South,36047044000,044000
1439,179.0,Old Astoria,36081007300,007300
1442,179.0,Old Astoria,36081007900,007900
1438,179.0,Old Astoria,36081007100,007100
1443,179.0,Old Astoria,36081008100,008100
1437,179.0,Old Astoria,36081006900,006900
1444,179.0,Old Astoria,36081008300,008300
1447,179.0,Old Astoria,36081008700,008700
1449,179.0,Old Astoria,36081009100,009100
1448,180.0,Ozone Park,36081008800,008800
1429,180.0,Ozone Park,36081005800,005800
1446,180.0,Ozone Park,36081008600,008600
1426,180.0,Ozone Park,36081005400,005400
1416,180.0,Ozone Park,36081004002,004002
1422,180.0,Ozone Park,36081005000,005000
1419,180.0,Ozone Park,36081004401,004401
463,181.0,Park Slope,36047016700,016700
461,181.0,Park Slope,36047016500,016500
453,181.0,Park Slope,36047015500,015500
454,181.0,Park Slope,36047015700,015700
455,181.0,Park Slope,36047015900,015900
431,181.0,Park Slope,36047013100,013100
429,181.0,Park Slope,36047012902,012902
428,181.0,Park Slope,36047012901,012901
439,181.0,Park Slope,36047013900,013900
451,181.0,Park Slope,36047015300,015300
437,181.0,Park Slope,36047013700,013700
435,181.0,Park Slope,36047013500,013500
433,181.0,Park Slope,36047013300,013300
447,181.0,Park Slope,36047014900,014900
443,181.0,Park Slope,36047014300,014300
441,181.0,Park Slope,36047014100,014100
449,181.0,Park Slope,36047015100,015100
146,182.0,Parkchester,36005022200,022200
133,182.0,Parkchester,36005021200,021200
139,182.0,Parkchester,36005021602,021602
131,182.0,Parkchester,36005021002,021002
130,182.0,Parkchester,36005021001,021001
194,183.0,Pelham Bay,36005026602,026602
193,183.0,Pelham Bay,36005026601,026601
217,183.0,Pelham Bay,36005030000,030000
201,184.0,Pelham Bay Park,36005027600,027600
210,185.0,Pelham Parkway,36005028800,028800
215,185.0,Pelham Parkway,36005029600,029600
181,185.0,Pelham Parkway,36005025000,025000
177,185.0,Pelham Parkway,36005024600,024600
150,185.0,Pelham Parkway,36005022404,022404
155,185.0,Pelham Parkway,36005022800,022800
148,185.0,Pelham Parkway,36005022401,022401
179,185.0,Pelham Parkway,36005024800,024800
149,185.0,Pelham Parkway,36005022403,022403
1194,186.0,Penn Station/Madison Sq West,36061009500,009500
1200,186.0,Penn Station/Madison Sq West,36061010100,010100
2136,187.0,Port Richmond,36085020700,020700
2150,187.0,Port Richmond,36085025100,025100
2148,187.0,Port Richmond,36085024700,024700
2140,187.0,Port Richmond,36085021300,021300
944,188.0,Prospect-Lefferts Gardens,36047080800,080800
976,188.0,Prospect-Lefferts Gardens,36047087800,087800
974,188.0,Prospect-Lefferts Gardens,36047087401,087401
975,188.0,Prospect-Lefferts Gardens,36047087600,087600
977,188.0,Prospect-Lefferts Gardens,36047088000,088000
937,188.0,Prospect-Lefferts Gardens,36047079602,079602
950,188.0,Prospect-Lefferts Gardens,36047082200,082200
949,188.0,Prospect-Lefferts Gardens,36047082000,082000
936,188.0,Prospect-Lefferts Gardens,36047079601,079601
941,188.0,Prospect-Lefferts Gardens,36047080200,080200
939,188.0,Prospect-Lefferts Gardens,36047079802,079802
945,188.0,Prospect-Lefferts Gardens,36047081000,081000
942,188.0,Prospect-Lefferts Gardens,36047080400,080400
938,188.0,Prospect-Lefferts Gardens,36047079801,079801
940,188.0,Prospect-Lefferts Gardens,36047080000,080000
943,188.0,Prospect-Lefferts Gardens,36047080600,080600
612,188.0,Prospect-Lefferts Gardens,36047032700,032700
614,188.0,Prospect-Lefferts Gardens,36047032900,032900
508,189.0,Prospect Heights,36047021500,021500
501,189.0,Prospect Heights,36047020700,020700
499,189.0,Prospect Heights,36047020500,020500
459,189.0,Prospect Heights,36047016300,016300
457,189.0,Prospect Heights,36047016100,016100
497,189.0,Prospect Heights,36047020300,020300
472,190.0,Prospect Park,36047017700,017700
1742,191.0,Queens Village,36081053200,053200
1730,191.0,Queens Village,36081051600,051600
1746,191.0,Queens Village,36081053800,053800
1745,191.0,Queens Village,36081053601,053601
1775,191.0,Queens Village,36081058200,058200
1773,191.0,Queens Village,36081058000,058000
1748,191.0,Queens Village,36081054000,054000
1770,191.0,Queens Village,36081056800,056800
1749,191.0,Queens Village,36081054200,054200
1768,191.0,Queens Village,36081056600,056600
1766,191.0,Queens Village,36081056400,056400
1761,191.0,Queens Village,36081055800,055800
1765,191.0,Queens Village,36081056200,056200
1763,191.0,Queens Village,36081056000,056000
1759,191.0,Queens Village,36081055600,055600
1755,191.0,Queens Village,36081055200,055200
1757,191.0,Queens Village,36081055400,055400
1727,191.0,Queens Village,36081051200,051200
1714,191.0,Queens Village,36081049600,049600
1752,191.0,Queens Village,36081054800,054800
1896,192.0,Queensboro Hill,36081080302,080302
2002,192.0,Queensboro Hill,36081121500,121500
1900,192.0,Queensboro Hill,36081083700,083700
1895,192.0,Queensboro Hill,36081080301,080301
2001,192.0,Queensboro Hill,36081121100,121100
1894,192.0,Queensboro Hill,36081079900,079900
1445,193.0,Queensbridge/Ravenswood,36081008500,008500
1418,193.0,Queensbridge/Ravenswood,36081004300,004300
1414,193.0,Queensbridge/Ravenswood,36081003900,003900
1403,193.0,Queensbridge/Ravenswood,36081002500,002500
1412,193.0,Queensbridge/Ravenswood,36081003700,003700
1349,194.0,Randalls Island,36061024000,024000
401,195.0,Red Hook,36047008500,008500
375,195.0,Red Hook,36047005300,005300
380,195.0,Red Hook,36047005900,005900
1852,196.0,Rego Park,36081070300,070300
1851,196.0,Rego Park,36081069702,069702
1849,196.0,Rego Park,36081069500,069500
1850,196.0,Rego Park,36081069701,069701
1847,196.0,Rego Park,36081069300,069300
1845,196.0,Rego Park,36081068700,068700
1861,196.0,Rego Park,36081071701,071701
1862,196.0,Rego Park,36081071702,071702
1496,197.0,Richmond Hill,36081014400,014400
1484,197.0,Richmond Hill,36081013000,013000
1494,197.0,Richmond Hill,36081014202,014202
1493,197.0,Richmond Hill,36081014201,014201
1485,197.0,Richmond Hill,36081013200,013200
1467,197.0,Richmond Hill,36081011200,011200
1465,197.0,Richmond Hill,36081011000,011000
1469,197.0,Richmond Hill,36081011400,011400
1471,197.0,Richmond Hill,36081011600,011600
1464,197.0,Richmond Hill,36081010800,010800
1507,197.0,Richmond Hill,36081015600,015600
1473,197.0,Richmond Hill,36081011800,011800
1475,197.0,Richmond Hill,36081012000,012000
1505,197.0,Richmond Hill,36081015400,015400
1405,197.0,Richmond Hill,36081002800,002800
1482,197.0,Richmond Hill,36081012602,012602
1501,197.0,Richmond Hill,36081015000,015000
1503,197.0,Richmond Hill,36081015200,015200
1481,197.0,Richmond Hill,36081012601,012601
1499,197.0,Richmond Hill,36081014800,014800
1479,197.0,Richmond Hill,36081012400,012400
1477,197.0,Richmond Hill,36081012200,012200
1404,197.0,Richmond Hill,36081002600,002600
1402,197.0,Richmond Hill,36081002400,002400
1483,197.0,Richmond Hill,36081012800,012800
1762,198.0,Ridgewood,36081055900,055900
1758,198.0,Ridgewood,36081055500,055500
1760,198.0,Ridgewood,36081055700,055700
1754,198.0,Ridgewood,36081055100,055100
1776,198.0,Ridgewood,36081058300,058300
1774,198.0,Ridgewood,36081058100,058100
1777,198.0,Ridgewood,36081058500,058500
1778,198.0,Ridgewood,36081058700,058700
1797,198.0,Ridgewood,36081061301,061301
1798,198.0,Ridgewood,36081061302,061302
1783,198.0,Ridgewood,36081059300,059300
1756,198.0,Ridgewood,36081055300,055300
1753,198.0,Ridgewood,36081054900,054900
1751,198.0,Ridgewood,36081054700,054700
1750,198.0,Ridgewood,36081054500,054500
1779,198.0,Ridgewood,36081058900,058900
1781,198.0,Ridgewood,36081059100,059100
1747,198.0,Ridgewood,36081053900,053900
1785,198.0,Ridgewood,36081059500,059500
0,199.0,Rikers Island,36005000100,000100
247,200.0,Riverdale/North Riverdale/Fieldston,36005035100,035100
244,200.0,Riverdale/North Riverdale/Fieldston,36005034500,034500
238,200.0,Riverdale/North Riverdale/Fieldston,36005033700,033700
242,200.0,Riverdale/North Riverdale/Fieldston,36005034300,034300
220,200.0,Riverdale/North Riverdale/Fieldston,36005030701,030701
236,200.0,Riverdale/North Riverdale/Fieldston,36005033500,033500
221,200.0,Riverdale/North Riverdale/Fieldston,36005030900,030900
228,200.0,Riverdale/North Riverdale/Fieldston,36005032300,032300
227,200.0,Riverdale/North Riverdale/Fieldston,36005031900,031900
1927,201.0,Rockaway Park,36081092800,092800
1929,201.0,Rockaway Park,36081093401,093401
1930,201.0,Rockaway Park,36081093402,093402
1931,201.0,Rockaway Park,36081093800,093800
1933,201.0,Rockaway Park,36081094201,094201
1925,201.0,Rockaway Park,36081092200,092200
1346,202.0,Roosevelt Island,36061023801,023801
1347,202.0,Roosevelt Island,36061023802,023802
1835,203.0,Rosedale,36081066400,066400
1832,203.0,Rosedale,36081066000,066000
1828,203.0,Rosedale,36081065600,065600
1826,203.0,Rosedale,36081065400,065400
1819,203.0,Rosedale,36081063800,063800
1801,203.0,Rosedale,36081061602,061602
2138,204.0,Rossville/Woodrow,36085020803,020803
2139,204.0,Rossville/Woodrow,36085020804,020804
2137,204.0,Rossville/Woodrow,36085020801,020801
1646,205.0,Saint Albans,36081038400,038400
1652,205.0,Saint Albans,36081040200,040200
1735,205.0,Saint Albans,36081052200,052200
1733,205.0,Saint Albans,36081052000,052000
1736,205.0,Saint Albans,36081052400,052400
1732,205.0,Saint Albans,36081051800,051800
1654,205.0,Saint Albans,36081040400,040400
1627,205.0,Saint Albans,36081035200,035200
1621,205.0,Saint Albans,36081033401,033401
1597,205.0,Saint Albans,36081028200,028200
1636,205.0,Saint Albans,36081036800,036800
1634,205.0,Saint Albans,36081036600,036600
1595,205.0,Saint Albans,36081028000,028000
1640,205.0,Saint Albans,36081037600,037600
1663,205.0,Saint Albans,36081042600,042600
1647,205.0,Saint Albans,36081039400,039400
1665,205.0,Saint Albans,36081043200,043200
1739,205.0,Saint Albans,36081052800,052800
1648,205.0,Saint Albans,36081039800,039800
1662,205.0,Saint Albans,36081042400,042400
1740,205.0,Saint Albans,36081053000,053000
1738,205.0,Saint Albans,36081052600,052600
1650,205.0,Saint Albans,36081040000,040000
2102,206.0,Saint George/New Brighton,36085013302,013302
2101,206.0,Saint George/New Brighton,36085013301,013301
2082,206.0,Saint George/New Brighton,36085007700,007700
2062,206.0,Saint George/New Brighton,36085001100,001100
2086,206.0,Saint George/New Brighton,36085009700,009700
2057,206.0,Saint George/New Brighton,36085000300,000300
2061,206.0,Saint George/New Brighton,36085000900,000900
2083,206.0,Saint George/New Brighton,36085008100,008100
2059,206.0,Saint George/New Brighton,36085000700,000700
2105,206.0,Saint George/New Brighton,36085014100,014100
2094,206.0,Saint George/New Brighton,36085012500,012500
1609,207.0,Saint Michaels Cemetery/Woodside,36081029900,029900
66,208.0,Schuylerville/Edgewater Park,36005011800,011800
76,208.0,Schuylerville/Edgewater Park,36005013200,013200
63,208.0,Schuylerville/Edgewater Park,36005011000,011000
74,208.0,Schuylerville/Edgewater Park,36005013000,013000
82,208.0,Schuylerville/Edgewater Park,36005014400,014400
79,208.0,Schuylerville/Edgewater Park,36005013800,013800
92,208.0,Schuylerville/Edgewater Park,36005015800,015800
88,208.0,Schuylerville/Edgewater Park,36005015200,015200
96,208.0,Schuylerville/Edgewater Park,36005016200,016200
100,208.0,Schuylerville/Edgewater Park,36005016600,016600
94,208.0,Schuylerville/Edgewater Park,36005016000,016000
98,208.0,Schuylerville/Edgewater Park,36005016400,016400
118,208.0,Schuylerville/Edgewater Park,36005019400,019400
114,208.0,Schuylerville/Edgewater Park,36005018400,018400
191,208.0,Schuylerville/Edgewater Park,36005026400,026400
1114,209.0,Seaport,36061001501,001501
851,210.0,Sheepshead Bay,36047059800,059800
863,210.0,Sheepshead Bay,36047062800,062800
850,210.0,Sheepshead Bay,36047059600,059600
862,210.0,Sheepshead Bay,36047062600,062600
831,210.0,Sheepshead Bay,36047057200,057200
829,210.0,Sheepshead Bay,36047057000,057000
864,210.0,Sheepshead Bay,36047063200,063200
853,210.0,Sheepshead Bay,36047060600,060600
852,210.0,Sheepshead Bay,36047060000,060000
844,210.0,Sheepshead Bay,36047059000,059000
846,210.0,Sheepshead Bay,36047059200,059200
848,210.0,Sheepshead Bay,36047059401,059401
849,210.0,Sheepshead Bay,36047059402,059402
841,210.0,Sheepshead Bay,36047058600,058600
1146,211.0,SoHo,36061004700,004700
1148,211.0,SoHo,36061004900,004900
40,212.0,Soundview/Bruckner,36005006800,006800
42,212.0,Soundview/Bruckner,36005007000,007000
44,212.0,Soundview/Bruckner,36005007200,007200
25,212.0,Soundview/Bruckner,36005005001,005001
28,212.0,Soundview/Bruckner,36005005200,005200
22,212.0,Soundview/Bruckner,36005004400,004400
26,212.0,Soundview/Bruckner,36005005002,005002
24,212.0,Soundview/Bruckner,36005004800,004800
18,212.0,Soundview/Bruckner,36005004001,004001
2,213.0,Soundview/Castle Hill,36005000400,000400
53,213.0,Soundview/Castle Hill,36005008400,008400
46,213.0,Soundview/Castle Hill,36005007400,007400
55,213.0,Soundview/Castle Hill,36005008600,008600
58,213.0,Soundview/Castle Hill,36005009000,009000
1,213.0,Soundview/Castle Hill,36005000200,000200
7,213.0,Soundview/Castle Hill,36005002400,002400
5,213.0,Soundview/Castle Hill,36005002000,002000
3,213.0,Soundview/Castle Hill,36005001600,001600
16,213.0,Soundview/Castle Hill,36005003800,003800
11,213.0,Soundview/Castle Hill,36005002800,002800
23,213.0,Soundview/Castle Hill,36005004600,004600
20,213.0,Soundview/Castle Hill,36005004200,004200
2088,214.0,South Beach/Dongan Hills,36085011201,011201
2090,214.0,South Beach/Dongan Hills,36085011401,011401
2085,214.0,South Beach/Dongan Hills,36085009602,009602
2079,214.0,South Beach/Dongan Hills,36085007000,007000
2084,214.0,South Beach/Dongan Hills,36085009601,009601
1660,215.0,South Jamaica,36081041400,041400
1670,215.0,South Jamaica,36081044000,044000
1540,215.0,South Jamaica,36081019400,019400
1585,215.0,South Jamaica,36081027000,027000
1541,215.0,South Jamaica,36081019600,019600
1544,215.0,South Jamaica,36081020200,020200
1577,215.0,South Jamaica,36081026200,026200
1581,215.0,South Jamaica,36081026600,026600
1542,215.0,South Jamaica,36081019800,019800
1579,215.0,South Jamaica,36081026400,026400
1575,215.0,South Jamaica,36081026000,026000
1573,215.0,South Jamaica,36081025800,025800
1666,215.0,South Jamaica,36081043400,043400
1570,215.0,South Jamaica,36081025400,025400
1905,216.0,South Ozone Park,36081084602,084602
1904,216.0,South Ozone Park,36081084601,084601
1901,216.0,South Ozone Park,36081083800,083800
1899,216.0,South Ozone Park,36081081800,081800
1898,216.0,South Ozone Park,36081081400,081400
1902,216.0,South Ozone Park,36081084000,084000
1525,216.0,South Ozone Park,36081018000,018000
1913,216.0,South Ozone Park,36081086400,086400
1523,216.0,South Ozone Park,36081017800,017800
1522,216.0,South Ozone Park,36081017600,017600
1458,216.0,South Ozone Park,36081010200,010200
1516,216.0,South Ozone Park,36081016800,016800
1521,216.0,South Ozone Park,36081017400,017400
1456,216.0,South Ozone Park,36081010000,010000
1452,216.0,South Ozone Park,36081009600,009600
1450,216.0,South Ozone Park,36081009400,009400
1515,216.0,South Ozone Park,36081016600,016600
1520,216.0,South Ozone Park,36081017200,017200
1460,216.0,South Ozone Park,36081010400,010400
1518,216.0,South Ozone Park,36081017000,017000
1514,216.0,South Ozone Park,36081016400,016400
1454,216.0,South Ozone Park,36081009800,009800
1462,216.0,South Ozone Park,36081010600,010600
1510,216.0,South Ozone Park,36081015802,015802
1509,216.0,South Ozone Park,36081015801,015801
800,217.0,South Williamsburg,36047053700,053700
802,217.0,South Williamsburg,36047053900,053900
774,217.0,South Williamsburg,36047050900,050900
797,217.0,South Williamsburg,36047053300,053300
806,217.0,South Williamsburg,36047054500,054500
793,217.0,South Williamsburg,36047052900,052900
799,217.0,South Williamsburg,36047053500,053500
1619,218.0,Springfield Gardens North,36081033000,033000
1606,218.0,Springfield Gardens North,36081029400,029400
1622,218.0,Springfield Gardens North,36081033402,033402
1848,219.0,Springfield Gardens South,36081069400,069400
1846,219.0,Springfield Gardens South,36081069000,069000
1615,219.0,Springfield Gardens South,36081032000,032000
1842,219.0,Springfield Gardens South,36081068000,068000
1610,219.0,Springfield Gardens South,36081030600,030600
205,220.0,Spuyten Duyvil/Kingsbridge,36005028300,028300
207,220.0,Spuyten Duyvil/Kingsbridge,36005028500,028500
213,220.0,Spuyten Duyvil/Kingsbridge,36005029302,029302
211,220.0,Spuyten Duyvil/Kingsbridge,36005028900,028900
212,220.0,Spuyten Duyvil/Kingsbridge,36005029301,029301
209,220.0,Spuyten Duyvil/Kingsbridge,36005028700,028700
218,220.0,Spuyten Duyvil/Kingsbridge,36005030100,030100
216,220.0,Spuyten Duyvil/Kingsbridge,36005029700,029700
214,220.0,Spuyten Duyvil/Kingsbridge,36005029500,029500
2063,221.0,Stapleton,36085001700,001700
2065,221.0,Stapleton,36085002001,002001
2060,221.0,Stapleton,36085000800,000800
2071,221.0,Stapleton,36085003600,003600
2058,221.0,Stapleton,36085000600,000600
2069,221.0,Stapleton,36085002900,002900
2068,221.0,Stapleton,36085002700,002700
2067,221.0,Stapleton,36085002100,002100
1042,222.0,Starrett City,36047105804,105804
1041,222.0,Starrett City,36047105801,105801
1614,223.0,Steinway,36081031700,031700
1487,223.0,Steinway,36081013500,013500
1476,223.0,Steinway,36081012100,012100
1478,223.0,Steinway,36081012301,012301
1489,223.0,Steinway,36081013700,013700
1474,223.0,Steinway,36081011900,011900
1480,223.0,Steinway,36081012500,012500
1472,223.0,Steinway,36081011700,011700
1470,223.0,Steinway,36081011500,011500
1451,223.0,Steinway,36081009500,009500
1468,223.0,Steinway,36081011300,011300
1453,223.0,Steinway,36081009700,009700
1457,223.0,Steinway,36081010100,010100
1466,223.0,Steinway,36081011100,011100
1459,223.0,Steinway,36081010300,010300
1461,223.0,Steinway,36081010500,010500
1463,223.0,Steinway,36081010701,010701
1144,224.0,Stuy Town/Peter Cooper Village,36061004400,004400
1158,224.0,Stuy Town/Peter Cooper Village,36061006000,006000
658,225.0,Stuyvesant Heights,36047037900,037900
563,225.0,Stuyvesant Heights,36047027300,027300
565,225.0,Stuyvesant Heights,36047027500,027500
657,225.0,Stuyvesant Heights,36047037700,037700
586,225.0,Stuyvesant Heights,36047029500,029500
661,225.0,Stuyvesant Heights,36047038300,038300
567,225.0,Stuyvesant Heights,36047027700,027700
656,225.0,Stuyvesant Heights,36047037500,037500
584,225.0,Stuyvesant Heights,36047029300,029300
662,225.0,Stuyvesant Heights,36047038500,038500
569,225.0,Stuyvesant Heights,36047027900,027900
582,225.0,Stuyvesant Heights,36047029100,029100
664,225.0,Stuyvesant Heights,36047038700,038700
571,225.0,Stuyvesant Heights,36047028100,028100
580,225.0,Stuyvesant Heights,36047028900,028900
578,225.0,Stuyvesant Heights,36047028700,028700
573,225.0,Stuyvesant Heights,36047028300,028300
576,225.0,Stuyvesant Heights,36047028502,028502
1532,226.0,Sunnyside,36081018501,018501
1558,226.0,Sunnyside,36081023500,023500
1537,226.0,Sunnyside,36081018900,018900
1533,226.0,Sunnyside,36081018502,018502
1524,226.0,Sunnyside,36081017900,017900
1526,226.0,Sunnyside,36081018101,018101
1527,226.0,Sunnyside,36081018102,018102
1568,226.0,Sunnyside,36081025301,025301
1529,226.0,Sunnyside,36081018300,018300
1569,226.0,Sunnyside,36081025302,025302
1517,226.0,Sunnyside,36081016900,016900
1519,226.0,Sunnyside,36081017100,017100
1552,226.0,Sunnyside,36081021900,021900
1546,226.0,Sunnyside,36081020500,020500
1535,226.0,Sunnyside,36081018700,018700
1543,226.0,Sunnyside,36081019900,019900
420,227.0,Sunset Park East,36047011800,011800
412,227.0,Sunset Park East,36047010400,010400
413,227.0,Sunset Park East,36047010600,010600
411,227.0,Sunset Park East,36047010200,010200
414,227.0,Sunset Park East,36047010800,010800
409,227.0,Sunset Park East,36047010000,010000
416,227.0,Sunset Park East,36047011200,011200
406,227.0,Sunset Park East,36047009400,009400
408,227.0,Sunset Park East,36047009800,009800
415,227.0,Sunset Park East,36047011000,011000
405,227.0,Sunset Park East,36047009200,009200
407,227.0,Sunset Park East,36047009600,009600
404,227.0,Sunset Park East,36047009000,009000
402,227.0,Sunset Park East,36047008600,008600
403,227.0,Sunset Park East,36047008800,008800
422,227.0,Sunset Park East,36047012000,012000
424,228.0,Sunset Park West,36047012200,012200
392,228.0,Sunset Park West,36047007200,007200
393,228.0,Sunset Park West,36047007400,007400
352,228.0,Sunset Park West,36047002200,002200
395,228.0,Sunset Park West,36047007600,007600
397,228.0,Sunset Park West,36047007800,007800
350,228.0,Sunset Park West,36047002000,002000
398,228.0,Sunset Park West,36047008000,008000
399,228.0,Sunset Park West,36047008200,008200
340,228.0,Sunset Park West,36047000200,000200
400,228.0,Sunset Park West,36047008400,008400
410,228.0,Sunset Park West,36047010100,010100
445,228.0,Sunset Park West,36047014700,014700
349,228.0,Sunset Park West,36047001800,001800
444,228.0,Sunset Park West,36047014500,014500
1185,229.0,Sutton Place/Turtle Bay North,36061008603,008603
1197,229.0,Sutton Place/Turtle Bay North,36061009800,009800
1204,229.0,Sutton Place/Turtle Bay North,36061010601,010601
1206,229.0,Sutton Place/Turtle Bay North,36061010800,010800
1220,230.0,Times Sq/Theatre District,36061011900,011900
1225,230.0,Times Sq/Theatre District,36061012500,012500
1231,230.0,Times Sq/Theatre District,36061013100,013100
1119,231.0,TriBeCa/Civic Center,36061002100,002100
1131,231.0,TriBeCa/Civic Center,36061003100,003100
1133,231.0,TriBeCa/Civic Center,36061003300,003300
1139,231.0,TriBeCa/Civic Center,36061003900,003900
1108,232.0,Two Bridges/Seward Park,36061001001,001001
1109,232.0,Two Bridges/Seward Park,36061001002,001002
1104,232.0,Two Bridges/Seward Park,36061000600,000600
1102,232.0,Two Bridges/Seward Park,36061000202,000202
1101,232.0,Two Bridges/Seward Park,36061000201,000201
1112,232.0,Two Bridges/Seward Park,36061001401,001401
1110,232.0,Two Bridges/Seward Park,36061001200,001200
1113,232.0,Two Bridges/Seward Park,36061001402,001402
1120,232.0,Two Bridges/Seward Park,36061002201,002201
1183,233.0,UN/Turtle Bay South,36061008601,008601
1187,233.0,UN/Turtle Bay South,36061008800,008800
1189,233.0,UN/Turtle Bay South,36061009000,009000
1150,234.0,Union Sq,36061005200,005200
1151,234.0,Union Sq,36061005400,005400
1154,234.0,Union Sq,36061005600,005600
1156,234.0,Union Sq,36061005800,005800
134,235.0,University Heights/Morris Heights,36005021301,021301
126,235.0,University Heights/Morris Heights,36005020501,020501
140,235.0,University Heights/Morris Heights,36005021700,021700
137,235.0,University Heights/Morris Heights,36005021502,021502
136,235.0,University Heights/Morris Heights,36005021501,021501
127,235.0,University Heights/Morris Heights,36005020502,020502
29,235.0,University Heights/Morris Heights,36005005300,005300
173,235.0,University Heights/Morris Heights,36005024300,024300
175,235.0,University Heights/Morris Heights,36005024501,024501
176,235.0,University Heights/Morris Heights,36005024502,024502
178,235.0,University Heights/Morris Heights,36005024700,024700
182,235.0,University Heights/Morris Heights,36005025100,025100
180,235.0,University Heights/Morris Heights,36005024900,024900
188,235.0,University Heights/Morris Heights,36005025700,025700
1265,236.0,Upper East Side North,36061016001,016001
1240,236.0,Upper East Side North,36061014000,014000
1241,236.0,Upper East Side North,36061014200,014200
1249,236.0,Upper East Side North,36061014801,014801
1252,236.0,Upper East Side North,36061015001,015001
1250,236.0,Upper East Side North,36061014802,014802
1253,236.0,Upper East Side North,36061015002,015002
1262,236.0,Upper East Side North,36061015801,015801
1215,237.0,Upper East Side South,36061011402,011402
1214,237.0,Upper East Side South,36061011401,011401
1221,237.0,Upper East Side South,36061012000,012000
1223,237.0,Upper East Side South,36061012200,012200
1228,237.0,Upper East Side South,36061012800,012800
1230,237.0,Upper East Side South,36061013000,013000
1279,238.0,Upper West Side North,36061017300,017300
1282,238.0,Upper West Side North,36061017500,017500
1283,238.0,Upper West Side North,36061017700,017700
1285,238.0,Upper West Side North,36061017900,017900
1287,238.0,Upper West Side North,36061018100,018100
1289,238.0,Upper West Side North,36061018300,018300
1275,239.0,Upper West Side South,36061016900,016900
1277,239.0,Upper West Side South,36061017100,017100
1267,239.0,Upper West Side South,36061016100,016100
1271,239.0,Upper West Side South,36061016500,016500
1273,239.0,Upper West Side South,36061016700,016700
1269,239.0,Upper West Side South,36061016300,016300
322,240.0,Van Cortlandt Park,36005043500,043500
294,241.0,Van Cortlandt Village,36005040304,040304
195,241.0,Van Cortlandt Village,36005026701,026701
293,241.0,Van Cortlandt Village,36005040303,040303
299,241.0,Van Cortlandt Village,36005040701,040701
196,241.0,Van Cortlandt Village,36005026702,026702
198,241.0,Van Cortlandt Village,36005027300,027300
302,241.0,Van Cortlandt Village,36005040900,040900
202,241.0,Van Cortlandt Village,36005027700,027700
203,241.0,Van Cortlandt Village,36005027900,027900
204,241.0,Van Cortlandt Village,36005028100,028100
122,242.0,Van Nest/Morris Park,36005020000,020000
187,242.0,Van Nest/Morris Park,36005025600,025600
206,242.0,Van Nest/Morris Park,36005028400,028400
185,242.0,Van Nest/Morris Park,36005025400,025400
208,242.0,Van Nest/Morris Park,36005028600,028600
171,242.0,Van Nest/Morris Park,36005024000,024000
169,242.0,Van Nest/Morris Park,36005023800,023800
165,242.0,Van Nest/Morris Park,36005023600,023600
174,242.0,Van Nest/Morris Park,36005024400,024400
160,242.0,Van Nest/Morris Park,36005023200,023200
183,242.0,Van Nest/Morris Park,36005025200,025200
158,242.0,Van Nest/Morris Park,36005023000,023000
1365,243.0,Washington Heights North,36061026700,026700
1366,243.0,Washington Heights North,36061026900,026900
1367,243.0,Washington Heights North,36061027100,027100
1368,243.0,Washington Heights North,36061027300,027300
1369,243.0,Washington Heights North,36061027500,027500
1370,243.0,Washington Heights North,36061027700,027700
1371,243.0,Washington Heights North,36061027900,027900
1372,243.0,Washington Heights North,36061028100,028100
1373,243.0,Washington Heights North,36061028300,028300
1374,243.0,Washington Heights North,36061028500,028500
1375,243.0,Washington Heights North,36061028700,028700
1358,244.0,Washington Heights South,36061025300,025300
1362,244.0,Washington Heights South,36061026100,026100
1363,244.0,Washington Heights South,36061026300,026300
1364,244.0,Washington Heights South,36061026500,026500
1348,244.0,Washington Heights South,36061023900,023900
1352,244.0,Washington Heights South,36061024301,024301
1356,244.0,Washington Heights South,36061024900,024900
1357,244.0,Washington Heights South,36061025100,025100
1350,244.0,Washington Heights South,36061024100,024100
1354,244.0,Washington Heights South,36061024500,024500
1355,244.0,Washington Heights South,36061024700,024700
1359,244.0,Washington Heights South,36061025500,025500
2087,245.0,West Brighton,36085010500,010500
2092,245.0,West Brighton,36085012100,012100
2076,245.0,West Brighton,36085005900,005900
2078,245.0,West Brighton,36085006700,006700
2081,245.0,West Brighton,36085007500,007500
1198,246.0,West Chelsea/Hudson Yards,36061009900,009900
1218,246.0,West Chelsea/Hudson Yards,36061011700,011700
147,247.0,West Concourse,36005022300,022300
129,247.0,West Concourse,36005020900,020900
36,247.0,West Concourse,36005006300,006300
119,247.0,West Concourse,36005019500,019500
120,247.0,West Concourse,36005019700,019700
145,247.0,West Concourse,36005022102,022102
144,247.0,West Concourse,36005022101,022101
30,248.0,West Farms/Bronx River,36005005400,005400
31,248.0,West Farms/Bronx River,36005005600,005600
37,248.0,West Farms/Bronx River,36005006400,006400
48,248.0,West Farms/Bronx River,36005007600,007600
35,248.0,West Farms/Bronx River,36005006200,006200
141,248.0,West Farms/Bronx River,36005021800,021800
138,248.0,West Farms/Bronx River,36005021601,021601
1165,249.0,West Village,36061006700,006700
1171,249.0,West Village,36061007300,007300
1169,249.0,West Village,36061007100,007100
1175,249.0,West Village,36061007700,007700
62,250.0,Westchester Village/Unionport,36005009800,009800
50,250.0,Westchester Village/Unionport,36005007800,007800
59,250.0,Westchester Village/Unionport,36005009200,009200
61,250.0,Westchester Village/Unionport,36005009600,009600
128,250.0,Westchester Village/Unionport,36005020601,020601
124,250.0,Westchester Village/Unionport,36005020200,020200
125,250.0,Westchester Village/Unionport,36005020400,020400
2129,251.0,Westerleigh,36085018701,018701
2131,251.0,Westerleigh,36085018901,018901
2117,251.0,Westerleigh,36085016901,016901
2133,251.0,Westerleigh,36085019700,019700
2111,251.0,Westerleigh,36085014700,014700
2112,251.0,Westerleigh,36085015100,015100
2135,251.0,Westerleigh,36085020100,020100
1963,252.0,Whitestone,36081103300,103300
1964,252.0,Whitestone,36081103900,103900
1960,252.0,Whitestone,36081102900,102900
1936,252.0,Whitestone,36081094500,094500
1946,252.0,Whitestone,36081099100,099100
1945,252.0,Whitestone,36081098700,098700
1943,252.0,Whitestone,36081097300,097300
1944,252.0,Whitestone,36081098100,098100
1644,253.0,Willets Point,36081038301,038301
288,254.0,Williamsbridge/Olinville,36005039800,039800
295,254.0,Williamsbridge/Olinville,36005040400,040400
313,254.0,Williamsbridge/Olinville,36005042400,042400
261,254.0,Williamsbridge/Olinville,36005037000,037000
263,254.0,Williamsbridge/Olinville,36005037200,037200
267,254.0,Williamsbridge/Olinville,36005037600,037600
265,254.0,Williamsbridge/Olinville,36005037400,037400
258,254.0,Williamsbridge/Olinville,36005036800,036800
272,254.0,Williamsbridge/Olinville,36005038200,038200
270,254.0,Williamsbridge/Olinville,36005038000,038000
278,254.0,Williamsbridge/Olinville,36005038800,038800
268,254.0,Williamsbridge/Olinville,36005037800,037800
280,254.0,Williamsbridge/Olinville,36005039000,039000
282,254.0,Williamsbridge/Olinville,36005039200,039200
286,254.0,Williamsbridge/Olinville,36005039600,039600
284,254.0,Williamsbridge/Olinville,36005039400,039400
298,254.0,Williamsbridge/Olinville,36005040600,040600
301,254.0,Williamsbridge/Olinville,36005040800,040800
311,254.0,Williamsbridge/Olinville,36005042200,042200
309,254.0,Williamsbridge/Olinville,36005042000,042000
786,255.0,Williamsburg (North Side),36047051900,051900
814,255.0,Williamsburg (North Side),36047055300,055300
816,255.0,Williamsburg (North Side),36047055500,055500
781,255.0,Williamsburg (North Side),36047051500,051500
784,255.0,Williamsburg (North Side),36047051700,051700
818,255.0,Williamsburg (North Side),36047055700,055700
789,256.0,Williamsburg (South Side),36047052500,052500
808,256.0,Williamsburg (South Side),36047054700,054700
791,256.0,Williamsburg (South Side),36047052700,052700
810,256.0,Williamsburg (South Side),36047054900,054900
779,256.0,Williamsburg (South Side),36047051300,051300
788,256.0,Williamsburg (South Side),36047052300,052300
812,256.0,Williamsburg (South Side),36047055100,055100
763,257.0,Windsor Terrace,36047050000,050000
767,257.0,Windsor Terrace,36047050400,050400
1097,257.0,Windsor Terrace,36047150200,150200
765,257.0,Windsor Terrace,36047050202,050202
467,257.0,Windsor Terrace,36047017100,017100
465,257.0,Windsor Terrace,36047016900,016900
1821,258.0,Woodhaven,36081064101,064101
1415,258.0,Woodhaven,36081004001,004001
1413,258.0,Woodhaven,36081003800,003800
1408,258.0,Woodhaven,36081003200,003200
1398,258.0,Woodhaven,36081001800,001800
1400,258.0,Woodhaven,36081002000,002000
1406,258.0,Woodhaven,36081003000,003000
1401,258.0,Woodhaven,36081002200,002200
1424,258.0,Woodhaven,36081005200,005200
1417,258.0,Woodhaven,36081004200,004200
1411,258.0,Woodhaven,36081003600,003600
1410,258.0,Woodhaven,36081003400,003400
1391,258.0,Woodhaven,36081000600,000600
1393,258.0,Woodhaven,36081000800,000800
1390,258.0,Woodhaven,36081000400,000400
1397,258.0,Woodhaven,36081001600,001600
1394,258.0,Woodhaven,36081001000,001000
1389,258.0,Woodhaven,36081000200,000200
1395,258.0,Woodhaven,36081001200,001200
1396,258.0,Woodhaven,36081001400,001400
315,259.0,Woodlawn/Wakefield,36005042600,042600
319,259.0,Woodlawn/Wakefield,36005043000,043000
316,259.0,Woodlawn/Wakefield,36005042800,042800
326,259.0,Woodlawn/Wakefield,36005044800,044800
321,259.0,Woodlawn/Wakefield,36005043400,043400
323,259.0,Woodlawn/Wakefield,36005043600,043600
325,259.0,Woodlawn/Wakefield,36005044400,044400
305,259.0,Woodlawn/Wakefield,36005041400,041400
324,259.0,Woodlawn/Wakefield,36005044200,044200
307,259.0,Woodlawn/Wakefield,36005041800,041800
327,259.0,Woodlawn/Wakefield,36005044901,044901
329,259.0,Woodlawn/Wakefield,36005045101,045101
328,259.0,Woodlawn/Wakefield,36005044902,044902
330,259.0,Woodlawn/Wakefield,36005045102,045102
1565,260.0,Woodside,36081024700,024700
1566,260.0,Woodside,36081024900,024900
1578,260.0,Woodside,36081026300,026300
1576,260.0,Woodside,36081026100,026100
1574,260.0,Woodside,36081025900,025900
1605,260.0,Woodside,36081029300,029300
1608,260.0,Woodside,36081029700,029700
1563,260.0,Woodside,36081024500,024500
1567,260.0,Woodside,36081025100,025100
1571,260.0,Woodside,36081025500,025500
1572,260.0,Woodside,36081025700,025700
1607,260.0,Woodside,36081029500,029500
1555,260.0,Woodside,36081022900,022900
1111,261.0,World Trade Center,36061001300,001300
1236,262.0,Yorkville East,36061013600,013600
1243,262.0,Yorkville East,36061014401,014401
1244,262.0,Yorkville East,36061014402,014402
1255,262.0,Yorkville East,36061015200,015200
1238,263.0,Yorkville West,36061013800,013800
1246,263.0,Yorkville West,36061014601,014601
1247,263.0,Yorkville West,36061014602,014602
1257,263.0,Yorkville West,36061015400,015400
1259,263.0,Yorkville West,36061015601,015601
