OBJECTID,2500,7500,12500,17500,22500,30000,42500,62500,87500,125000,225000
2.0,,,,,,,,,,,
3.0,0.041803192051580174,0.06003593700454497,0.10807525631540006,0.04703519712503964,0.0691258852129796,0.09866821689039214,0.11188035091427967,0.15643166684282844,0.09782264031286333,0.12345418031920516,0.0856674770108868
4.0,0.07021670587057705,0.08392973324658426,0.11601020969921426,0.06506180871828236,0.06391071517942044,0.08252840198188278,0.10349832340723687,0.1394825083829638,0.06806466142835695,0.11966368049647165,0.08763325158900956
5.0,0.022104332449160036,0.017793987621573828,0.033488063660477456,0.023872679045092837,0.02420424403183024,0.05713969938107869,0.11229000884173299,0.17274535809018568,0.10643236074270557,0.19993368700265252,0.22999557913351018
6.0,0.05046247512000936,0.03262693673652578,0.046169457128361235,0.041017835538383486,0.038324942434531474,0.06841509581235608,0.0878897865199235,0.11965811965811966,0.11848729656948835,0.15119228817858954,0.24575576630371151
7.0,0.036845593108018555,0.04074221338634858,0.04770046388336647,0.0425115970841617,0.03351225977468522,0.060563286944996686,0.08526176275679258,0.12123260437375745,0.10344599072233267,0.14767395626242544,0.28051027170311466
8.0,0.03497942386831276,0.014697236919459141,0.031452087007642564,0.015285126396237508,0.03497942386831276,0.03203997648442093,0.05731922398589065,0.10405643738977072,0.08348030570252793,0.15902410346854792,0.43268665490887714
9.0,0.03214646100619865,0.014992071500648695,0.025803661525154967,0.033011388208159145,0.031858151938878476,0.05852674066599395,0.1196482629378694,0.18754504829176877,0.1196482629378694,0.19576185671039353,0.181058094277065
10.0,0.04996791992814064,0.05194405235467727,0.06936994738868216,0.05887334787629924,0.04711920954702938,0.0939304504042089,0.13794430899525215,0.15783395354805596,0.11104837674836392,0.12305915565250866,0.09890927755678172
11.0,0.04593730832553185,0.04522710398037254,0.07379668786519031,0.056267553346030924,0.04987571423959712,0.0907447461019466,0.12602898925008876,0.1529521903347645,0.12415663234012332,0.1248022726539045,0.11021080156244956
12.0,0.0065549890750182084,0.03860160233066278,0.06045156591405681,0.0852148579752367,0.04734158776402039,0.10269482884195193,0.20975965040058267,0.24326292789512016,0.06991988346686089,0.09249817916970138,0.043699927166788055
13.0,0.01812977099236641,0.02249182115594329,0.01158669574700109,0.01322246455834242,0.0,0.015676117775354416,0.04157579062159215,0.06652126499454744,0.07292802617230099,0.1473555070883315,0.5905125408942202
14.0,0.03989472226070093,0.030330315203566348,0.04761425027389842,0.03769723834829805,0.03820725610447179,0.06890276920752056,0.08852271153143851,0.13159087760833155,0.10952788726718633,0.16043521515193493,0.2472767570426526
15.0,0.0331748760999292,0.0165874380499646,0.04440173965813695,0.03722059269748154,0.032669161525235156,0.05148174370385355,0.09578234044705168,0.15009608576919187,0.16385152220086982,0.1612218064124608,0.21351269343582482
16.0,0.02113707264277074,0.013879162157000064,0.03068695486089005,0.031832940727064364,0.03488890303686255,0.0640478767428535,0.09931877506844082,0.1628573247596613,0.1411472591838034,0.18934233144457885,0.21086139937607437
17.0,0.04283632732497122,0.06209433366279129,0.08452125003821033,0.06697506648597426,0.05398355427395278,0.10282145076981078,0.12656280249844612,0.16564942276928094,0.10194516053433325,0.10697873467765766,0.08563189696457138
18.0,0.048302645722805924,0.07982246263740074,0.08880335656576165,0.06643780991019106,0.05593120427199279,0.11626616734283436,0.14393702971670308,0.1769478830750026,0.1013558029057873,0.08322063871840217,0.038974999133118346
19.0,0.03752276867030965,0.019186399514268367,0.03752276867030965,0.02622950819672131,0.0302367941712204,0.04432301153612629,0.09860352155434123,0.15774134790528233,0.1381906496660595,0.19295689131754706,0.2174863387978142
20.0,0.07188364759637042,0.08565544758349958,0.09511551579895747,0.09112555505502284,0.05727524293712594,0.11352081858549457,0.1426732736984362,0.14280198210953085,0.059656348542377245,0.08958105412188687,0.05071111397129802
21.0,0.034511530884227606,0.043620349982616755,0.059172557654421136,0.04769961756866381,0.04892803337582571,0.09799513269208483,0.1309537605748059,0.17958048441302585,0.11519295399235137,0.1447676439911925,0.09757793487078456
22.0,0.038053901281921876,0.04907064269131494,0.06979192201762102,0.05408873956365629,0.05362730536849846,0.09446423163996596,0.13587795065538075,0.15942551442702851,0.11199873105596332,0.13163852398736825,0.10196253731128062
23.0,0.03294950401276108,0.03893125965804297,0.05413488858980111,0.0425203130452121,0.04017745875081003,0.055281391755146805,0.08005582971935596,0.14371167937789742,0.0884801355864613,0.18897363042719706,0.2347839090773142
24.0,0.06794121310250342,0.0645784032880807,0.09615145099016066,0.040602814796363185,0.05125171254203512,0.10848175364304397,0.09795740440901732,0.1309004857391954,0.08419479387221322,0.1033129904097646,0.15462697720762236
25.0,0.042631133090642676,0.05735284016759393,0.0572383634407125,0.04794285321794079,0.042882981889781804,0.07344826796712228,0.08599491723332646,0.11976555166334685,0.09437461364104678,0.12803077134418572,0.2503377063443002
26.0,0.04258086985024481,0.055364349660950975,0.08152541331202753,0.06434761231639112,0.06092639255935919,0.10256489050048143,0.12575543400323685,0.15661811402700102,0.09954315448753406,0.1153073976194866,0.09546637166328642
27.0,0.08308977035490606,0.04801670146137787,0.06555323590814197,0.03924843423799582,0.04008350730688935,0.05260960334029228,0.12066805845511483,0.1315240083507307,0.08434237995824635,0.14906054279749478,0.18580375782881003
28.0,0.03472370386174525,0.04928525709409003,0.07496799658630254,0.061313206742052484,0.06424685299765308,0.0992105824621293,0.11723917217836569,0.17639214849583956,0.10678472370386174,0.12283976957542138,0.09299658630253894
29.0,0.03627428036508308,0.08202667914813948,0.1417037210390826,0.051018020126374915,0.05909197285279663,0.08828691785630705,0.10537093377018489,0.1546337467821203,0.07705359232389422,0.09536625321787971,0.10917388251813714
30.0,0.007444168734491315,0.02481389578163772,0.008684863523573201,0.017369727047146403,0.02977667493796526,0.038461538461538464,0.12655086848635236,0.16129032258064516,0.17121588089330025,0.20719602977667495,0.20719602977667495
31.0,0.0,0.057692307692307696,0.10384615384615385,0.08846153846153847,0.015384615384615385,0.06538461538461539,0.1076923076923077,0.28076923076923077,0.13846153846153847,0.12307692307692308,0.019230769230769232
32.0,0.04831523252575884,0.06957207834400816,0.1121321823076209,0.06725146198830409,0.05601967882669637,0.09249976793836442,0.12452427364708066,0.16513505987190197,0.10127169776292583,0.10168940870695256,0.06158915808038615
33.0,0.046476761619190406,0.019374927920655056,0.025179717833390996,0.02925460346749702,0.019028947064929073,0.03609733594741091,0.060892630607773036,0.0858801368546496,0.09625956252642909,0.18709875831315112,0.3944566178449237
34.0,0.0,0.0,0.0,0.03333333333333333,0.0,0.08666666666666667,0.03333333333333333,0.02666666666666667,0.22666666666666666,0.18,0.41333333333333333
35.0,0.1427121808661769,0.12400048707228964,0.10772415472663067,0.06855542476762592,0.05528270487478183,0.08929658643503674,0.11807444088160085,0.11279782441043958,0.0639282380159922,0.0623858424321143,0.05524211551731136
36.0,0.04721874441065999,0.05219102128420676,0.06839563584331962,0.06531926310141299,0.07089966016812735,0.08993024503666606,0.13489536755499912,0.17263459130745842,0.0985154712931497,0.12480772670363084,0.07519227329636917
37.0,0.055109642628929444,0.07714726555803189,0.0877296884497296,0.07220672350108318,0.05351994139924879,0.1094400199491919,0.1333790502314418,0.16701214095350903,0.09591197419073298,0.0928260835684117,0.0557174695696897
38.0,0.028356126151269884,0.031091264303656153,0.0546469439017583,0.040524699972090426,0.036840636338264024,0.08523583589171085,0.09997209042701646,0.16421992743511024,0.12068099358079822,0.17856544794864637,0.15986603404967903
39.0,0.042334369767998085,0.0323786175556087,0.05393446543889022,0.04218488399904329,0.04544367376225783,0.0763872279359005,0.12254843338914136,0.16093637885673284,0.14398469265725902,0.16655704376943314,0.11331021286773499
40.0,0.03717137803891004,0.04487544590665188,0.04790311460175665,0.03968943913186846,0.028268233460235617,0.0713150873827153,0.08885158428010433,0.10156179741598968,0.08756257681585179,0.15935729488294015,0.2934440480829761
41.0,0.051586776422011066,0.049998676583467884,0.0822106349752521,0.05259257298642175,0.04409623885021572,0.09091871575659723,0.12405706572086499,0.14681983007331728,0.10105608639263122,0.12339535745480533,0.13326804478441545
42.0,0.04456687835583407,0.05844583701336025,0.09011509722280635,0.07215656586897702,0.06202072030393518,0.09603117858995387,0.11691971232703874,0.1664914272896777,0.09643773394456828,0.11331679073614558,0.08349805834770296
43.0,0.019220055710306407,0.066016713091922,0.059331476323119775,0.05515320334261838,0.03955431754874652,0.04401114206128134,0.12423398328690807,0.1777158774373259,0.09916434540389972,0.1540389972144847,0.1615598885793872
44.0,0.042913077525450274,0.025920125293657007,0.053406421299921694,0.04032889584964761,0.04432263116679718,0.04894283476898982,0.09741581832419734,0.14964761158966328,0.11957713390759593,0.18300704776820673,0.19451840250587313
45.0,0.06354307038457552,0.08562247330776407,0.13506789675546801,0.10770187623095263,0.058774748626516014,0.114439722193428,0.11516533637400228,0.10583601119519022,0.08862858919871462,0.07297605473204105,0.05224422100134757
46.0,0.012736236647493838,0.020131470829909615,0.03204601479046836,0.03327855382087099,0.05135579293344289,0.08668857847165161,0.09120788824979457,0.13475760065735415,0.15940838126540674,0.17953985209531634,0.1988496302382909
47.0,0.04694050772910826,0.05856632115023534,0.06358188225005787,0.041847784150826926,0.03961007227552149,0.06983204300522133,0.08055762751099566,0.1210679287018699,0.08817099205226472,0.13086756346613854,0.25895727770775995
48.0,0.03849960411718131,0.0332541567695962,0.044866719451042494,0.03569543415149116,0.044206914753233045,0.08280548957508578,0.06730007917656373,0.11157297439957772,0.10913169701768277,0.1665017154922143,0.2661652150963315
49.0,0.056408912188728705,0.05294888597640891,0.07187418086500655,0.05018785495849716,0.04595893403232853,0.0836697247706422,0.09953691568370468,0.14549584971603322,0.10341633901266929,0.12148536478811708,0.1690170380078637
50.0,0.0437684174033628,0.0514820592823713,0.04905529554515514,0.04160166406656266,0.045761830473218926,0.06664933263997226,0.078263130525221,0.09516380655226209,0.08563009187034148,0.14777257756976947,0.2948517940717629
51.0,0.0379807903162142,0.02802508661900794,0.06876891364413841,0.049646945309416254,0.03942809525897987,0.12525766413753783,0.15951054778299198,0.18959694750230252,0.1260471031972282,0.11692469628525065,0.05881320994693215
52.0,0.038802083333333334,0.037825520833333334,0.03470052083333333,0.030924479166666668,0.0388671875,0.051497395833333334,0.08248697916666667,0.108984375,0.10748697916666666,0.14095052083333334,0.3274739583333333
53.0,0.03407045512985343,0.02262792491643096,0.0239136024685009,0.03882746207251221,0.07276934944715865,0.10709694008742607,0.1374389303162767,0.19658009771149396,0.12908202622782206,0.15196708665466702,0.08562612496785806
54.0,0.044861337683523655,0.0701468189233279,0.07107900256350501,0.07317641575390352,0.03845257515730599,0.0876252621766488,0.10044278722908413,0.1331857375903053,0.09170356560242368,0.09648100675833139,0.19284549056164063
55.0,0.04306382978723404,0.07858156028368794,0.13120567375886524,0.05900709219858156,0.0657872340425532,0.09580141843971632,0.12822695035460993,0.14201418439716312,0.09302127659574468,0.10280851063829788,0.0604822695035461
56.0,0.03478744868851318,0.06713977596883045,0.06296528212620886,0.06129548458916023,0.047693592151951576,0.11396368190356919,0.1459333472483128,0.176789814235024,0.12961803381340012,0.11051972448340638,0.04929381479162318
57.0,0.04204594711746858,0.07282184655396619,0.08452535760728218,0.056783701777199824,0.017338534893801473,0.1187689640225401,0.12310359774599046,0.2141309059384482,0.11746857390550498,0.10489813610749892,0.04811443433029909
58.0,0.010491803278688525,0.02262295081967213,0.04262295081967213,0.024918032786885248,0.05180327868852459,0.051147540983606556,0.06557377049180328,0.1521311475409836,0.15639344262295082,0.22032786885245903,0.2019672131147541
59.0,0.05061056348388995,0.042224510813594233,0.06238046196851552,0.04560835662792408,0.05443578049139326,0.05061056348388995,0.061791967044284246,0.07709283507429748,0.10828306605855524,0.1416801530086803,0.3052817419449757
60.0,0.04256176492809832,0.043997280076560806,0.043266930264185155,0.03495605308887602,0.02782884629914121,0.05626212002921399,0.07363940866849673,0.10255118744805702,0.09461807741708012,0.14619588485657442,0.33412244692371623
61.0,0.06505770005450108,0.063683325039691,0.07373048032037155,0.06022369138172081,0.057546029714935665,0.09619440297623279,0.12025781379588162,0.1511694035686358,0.10608753347077084,0.11922703253477406,0.08682258714248478
62.0,0.04625420043486855,0.03567898794228108,0.056928246689068984,0.06513144890294524,0.04086776042696185,0.08277327535085985,0.13915793635105753,0.18778414706463728,0.12102194109507808,0.13900968570863806,0.08539237003360348
63.0,0.09253504592224295,0.04585318693460396,0.046198466956701885,0.05172294731026863,0.056418755610800356,0.09743802223603343,0.12554381603480422,0.2122781575858021,0.11269939921276155,0.09944064636420137,0.059871555831779576
64.0,0.027701114177655115,0.01523050189103547,0.01829704589594194,0.034754165388939995,0.021976898701829704,0.08995195747725647,0.08524992333639987,0.1708065010732904,0.12399059593171828,0.20361852192578964,0.2084227742001431
65.0,0.044407894736842105,0.02549342105263158,0.047227443609022556,0.02537593984962406,0.024671052631578948,0.029957706766917294,0.0681390977443609,0.09715695488721804,0.08458646616541353,0.20864661654135339,0.3443374060150376
66.0,0.05541433655312659,0.053685815963396034,0.08154550076258262,0.06029486527707168,0.04341637010676157,0.05439755973563803,0.06629384850025419,0.07361464158617184,0.06273512963904423,0.08795119471276056,0.3606507371631927
67.0,0.0366047677837315,0.04413954613142588,0.05642174394481284,0.0504524685308455,0.04480138477007471,0.0744823021802492,0.0975448332039354,0.16633786862503022,0.11113798062849216,0.14326260993521617,0.17481449426618642
68.0,0.04680686453790969,0.053699535799690536,0.047545365030243356,0.05211703474468983,0.037065691377127584,0.07240821493880996,0.1019130679420453,0.14210859473906315,0.09867773245182164,0.14907159938106626,0.1985862990575327
69.0,0.03911106118475249,0.06238298509698195,0.07378491724706059,0.05603609675728301,0.0493334831124092,0.08348311240919644,0.10454579495244515,0.15245637684415486,0.08616041339024938,0.10473301879727402,0.1879727402081929
70.0,0.07547247329498767,0.08401807723911257,0.08960558751027116,0.06507806080525884,0.07617091207888249,0.11220213640098603,0.1289646672144618,0.15147904683648317,0.0952341824157765,0.08262119967132292,0.03915365653245686
71.0,0.03471797114123305,0.026803672933974638,0.04639265413205072,0.04940970703979012,0.046961084390030605,0.09934411893310013,0.15636204634892872,0.1780061215566244,0.1320507214691736,0.14919108001749015,0.08076082203760385
72.0,0.04798526863084922,0.04368861929520508,0.05971981513575968,0.05271519352975159,0.05657856730213749,0.09391247833622184,0.12687752744078568,0.16435586366262275,0.12803292894280763,0.1278162911611785,0.09831744656268053
73.0,0.04021382578058559,0.0330458024541368,0.07119426558133884,0.05515733203741951,0.06050297655205929,0.10533349532256105,0.1535657878751063,0.12683756530190743,0.11833313084679868,0.14724820799416838,0.08856761025391811
74.0,0.05750658472344162,0.08184811237928007,0.08823529411764706,0.06845917471466198,0.0560359964881475,0.09798068481123792,0.11384986830553116,0.15269973661106234,0.09754170324846356,0.10147058823529412,0.08437225636523266
75.0,0.04968565137809375,0.058757991352096986,0.08865426957052286,0.05915590100007958,0.04997745178661432,0.08563015624585511,0.11364299546383001,0.1416027800620739,0.10600313022256413,0.12308671777595034,0.12380295514231902
76.0,0.11445512532566705,0.06920612104333243,0.0761536849040218,0.06285748510166801,0.06061150540532447,0.10499206420507291,0.13326146198305033,0.14005929386398347,0.09720600125774863,0.08843170724403318,0.052765549666097686
77.0,0.15900681596884128,0.09814995131450828,0.07994157740993184,0.06183057448880234,0.043622200584225904,0.09571567672833496,0.11441090555014606,0.14586173320350534,0.0813047711781889,0.07575462512171373,0.044401168451801365
78.0,0.07389980625518959,0.09275148383922256,0.10000922594335271,0.07989666943444967,0.07294645877540978,0.12009102930774672,0.13531383583971462,0.13642094904203955,0.08171110496048221,0.07353076852108129,0.033428668081311314
79.0,0.0659417543655074,0.0444859050228843,0.04941258782030726,0.0425035711162289,0.05113255400402297,0.08381191149462146,0.09856280791767484,0.13514852928315307,0.09675538582631257,0.15599218727225023,0.17625280587703698
80.0,0.03598530043430535,0.05478929031642247,0.07092063189042142,0.05717558344867083,0.05087576957953515,0.07960673889180547,0.10165608743378036,0.13511191714790244,0.11874194626067866,0.14542070347921537,0.14971603111726245
81.0,0.028786141892752515,0.03744745892243027,0.07026705727508173,0.0580817730225449,0.05328408270708614,0.11556914193520995,0.1092429839086316,0.16982974567995585,0.11055916443765125,0.13068398930072603,0.11624846091792977
82.0,0.04590022935779817,0.036783256880733944,0.05260894495412844,0.058772935779816515,0.05702408256880734,0.1122993119266055,0.13457568807339448,0.18718463302752295,0.10298165137614679,0.12393922018348624,0.08793004587155963
83.0,0.04193660056377034,0.04905791009346719,0.08773057712279314,0.0650808565352851,0.05054151624548736,0.08684041343158103,0.11562237278077246,0.1689332871766975,0.10212155679738885,0.12244696108006528,0.10968794817269176
84.0,0.027088624080224003,0.021618805756332616,0.04213062447092531,0.032167741095266,0.03438171517874585,0.0602982353324217,0.09155434004037247,0.14840138047795792,0.11421501595363678,0.1908575893729244,0.23728592824119293
85.0,0.057891819117763525,0.04284469786964441,0.05607032549299121,0.047834006494020746,0.040944008869882,0.11285340936089332,0.14199730735725033,0.16884453947889444,0.13407776985824027,0.12568306010928962,0.07095905599113012
86.0,0.06998343587316612,0.07169900615238997,0.07938949361097965,0.058861807856128726,0.04738523426407951,0.0843587316611453,0.1250591575958353,0.17025556081400853,0.10541883577851396,0.10985565546616186,0.0777330809275911
87.0,0.056447722103521954,0.02184850782273072,0.02943000895995589,0.022262044248397547,0.015438693224894893,0.03073954097456751,0.05369081259907644,0.08567096285064443,0.07822730718864153,0.20256392583913432,0.4036804741884348
88.0,0.03768115942028986,0.012463768115942029,0.004927536231884058,0.02289855072463768,0.014492753623188406,0.020579710144927536,0.0782608695652174,0.08927536231884058,0.10405797101449275,0.15420289855072464,0.46115942028985507
89.0,0.0356057390270821,0.04305968248577978,0.06554036845233042,0.05258510909245267,0.04912131759911707,0.11264114101366839,0.13211647847864844,0.18808048221410986,0.11775193140334493,0.11573138636556583,0.0877663638679005
90.0,0.056346044393853156,0.04734309515186009,0.05391421327676308,0.034614787602835415,0.03740880633310912,0.05820872354736897,0.08138873079112123,0.1135199461892689,0.06452113623428364,0.13788999844776736,0.31484451803176905
91.0,0.027875345639339362,0.020925192437037592,0.03385397204992153,0.030565727524101336,0.03355504072939242,0.062215081085120694,0.12263657424706674,0.1710634481727823,0.15664001195725283,0.18840146476347058,0.1522681413945146
92.0,0.056851478366756726,0.06921876783743673,0.08246128087065718,0.06590813957913162,0.07884622702538148,0.12435785227748392,0.1398074508162411,0.1534685490315461,0.08797899463449903,0.07587807755241828,0.06522318200844782
93.0,0.1357769747031492,0.12958182756840475,0.07743933918430562,0.09757356737222508,0.07021166752710377,0.17656169334021682,0.12028910686628808,0.10428497676819824,0.036654620547238,0.007743933918430563,0.04388229220443986
94.0,0.08792603335750544,0.10986221899927484,0.10687092095721537,0.10007251631617115,0.06000725163161712,0.11575416968817984,0.13007614213197968,0.11194706308919507,0.08593183466279913,0.05964467005076142,0.03190717911530094
95.0,0.03160379753261918,0.03607148296694928,0.04998223079656801,0.043280702645072854,0.039320708737371174,0.06874143270548815,0.08346448697771235,0.15479514646900544,0.13578209879677108,0.16939127785957253,0.18756663451286998
96.0,0.013597033374536464,0.024103831891223733,0.038318912237330034,0.046353522867737945,0.0407911001236094,0.10012360939431397,0.0754017305315204,0.10815822002472188,0.14215080346106304,0.21137206427688504,0.1996291718170581
97.0,0.0467705152487341,0.04110780410498241,0.05569943179621971,0.042905183409995745,0.032893973947663406,0.07979977581075336,0.0947392833674771,0.12226044605929419,0.103648873255769,0.12473425843608674,0.2554404545630242
98.0,0.04159808469250337,0.021397575938949573,0.02828071225497531,0.04144845129432889,0.030225946431243454,0.07780936705072572,0.11102798144545863,0.1809067783929373,0.13856052670956157,0.16489600478826874,0.16384857100104744
99.0,0.04206403269754768,0.03763623978201635,0.08974795640326975,0.07510217983651227,0.0667574931880109,0.11631471389645777,0.10354223433242507,0.14935286103542234,0.11427111716621254,0.12091280653950953,0.0842983651226158
100.0,0.016940451745379878,0.011293634496919919,0.011806981519507187,0.026180698151950718,0.04004106776180698,0.06981519507186858,0.09291581108829569,0.22946611909650924,0.14527720739219713,0.2104722792607803,0.1457905544147844
101.0,0.01330352152040246,0.014086081609837897,0.03666852990497484,0.02470653996646171,0.031078814980436,0.07445500279485746,0.08831749580771381,0.17003912800447177,0.14041363890441588,0.2087199552822806,0.19821129122414757
102.0,0.027052238805970148,0.020809414466130886,0.03824626865671642,0.030998851894374284,0.037385189437428246,0.07233065442020666,0.09514925373134328,0.18046785304247992,0.16181113662456947,0.1939580941446613,0.1417910447761194
103.0,0.03638184245660881,0.018024032042723633,0.005173564753004005,0.047563417890520696,0.02720293724966622,0.029539385847797063,0.04055407209612817,0.08828437917222964,0.1308411214953271,0.18307743658210948,0.3933578104138852
105.0,,,,,,,,,,,
106.0,0.04034828135670385,0.050079672205781925,0.05679490097882996,0.04302299112223993,0.04649442294559526,0.08143637605281129,0.10943546551331663,0.10972000910539495,0.10824038242658775,0.14801957659913498,0.20640792169360345
107.0,0.04037279719995116,0.024785316022953887,0.03951813113019413,0.039070448903178547,0.034186642790281226,0.06576858898701722,0.08908876317610191,0.13145578120548615,0.10105408815270034,0.16328191770786699,0.27141752472426844
108.0,0.04492855978703754,0.04014776987015809,0.08833595914597707,0.06035747270060303,0.05660889878850437,0.09539848970500353,0.11185961862334981,0.15054055522355625,0.10936056934861738,0.13809963600804043,0.10436247079915249
109.0,0.018292682926829267,0.01633475050346834,0.029536809129559187,0.02416648019691206,0.032781382859700156,0.06712911165808906,0.07356231819198926,0.14153054374580443,0.13638397851868428,0.22353994182143655,0.2367420004475274
110.0,0.011350059737156512,0.01959378733572282,0.02186379928315412,0.026762246117084828,0.039545997610513736,0.03775388291517324,0.08733572281959379,0.15949820788530467,0.14038231780167265,0.16965352449223417,0.2862604540023895
111.0,0.01741157115437346,0.055936386070743076,0.06786399780641623,0.033040855497669316,0.029202083904579106,0.091033726350425,0.08938853852481492,0.136139292569235,0.06196874143131341,0.09583219084178778,0.3221826158486427
112.0,0.040916666666666664,0.03175,0.034916666666666665,0.04591666666666667,0.04820833333333333,0.06891666666666667,0.095,0.16983333333333334,0.12941666666666668,0.1865,0.148625
113.0,0.031586756208027485,0.02709667343432766,0.04470560674683742,0.04408089957832266,0.03549117601124473,0.05997188817741684,0.10635639543963767,0.1352100577854131,0.09405747305950336,0.15773856004997658,0.2637045135092925
114.0,0.03397327310370789,0.044607566346696784,0.030397139092791268,0.03773762469414643,0.015339732731037078,0.0650291737248259,0.08563899868247694,0.08582721626199886,0.07556935817805382,0.14953886693017127,0.37634105025409376
115.0,0.05557520871656997,0.0495613414461582,0.03880713173906891,0.032227253431441914,0.04542238573652186,0.07998443469647658,0.08896985991226829,0.12201075420970708,0.08914673836139805,0.12583132871090985,0.2724635630394793
116.0,0.0489139026780915,0.0718689727131881,0.062351788029215545,0.05476333512505138,0.050052170613716127,0.1162298036487811,0.11370031934739305,0.17421823125810226,0.10769279413159642,0.10491036140006955,0.09529832105479495
117.0,0.054082583048742625,0.06302390561937286,0.07122011797578391,0.059670909655386524,0.06258925799441167,0.08823346786712201,0.13275380316671842,0.15181620614715927,0.11959018938217945,0.11530580565041912,0.08171375349270413
118.0,0.026095117004207913,0.03375412466321557,0.05043441407077771,0.04549995459086368,0.039808676172312533,0.07540943904580268,0.1074682892864711,0.1461266006720552,0.12499621590530681,0.15605606514697423,0.19435110344201253
119.0,0.06647727272727273,0.07843276515151515,0.0972064393939394,0.06091382575757576,0.05520833333333333,0.09150094696969698,0.10601325757575758,0.13570075757575759,0.09545454545454546,0.10082859848484849,0.11226325757575757
120.0,0.05445116681071737,0.03197925669835782,0.09853068280034573,0.037165082108902334,0.10458081244598098,0.07692307692307693,0.09248055315471046,0.16248919619706137,0.15903197925669835,0.0847018150388937,0.09766637856525497
121.0,0.04976813514408745,0.049519708512752565,0.05606160980457105,0.052583636965882745,0.05920834713481285,0.11883073865518383,0.10988737992712819,0.15692282212653197,0.09589267969526333,0.13050679032792314,0.12081815170586287
122.0,0.028099268728047445,0.04335809293487649,0.03679391950250475,0.04940404214890309,0.047791789025162665,0.07894282259457593,0.10646628663557321,0.17084125064778027,0.1372718373927564,0.1573098405021017,0.14372084988771808
123.0,0.040745297943399546,0.047741255053612236,0.07326419405870979,0.04816312181402707,0.06046756899279311,0.0958340657409035,0.12687642819476183,0.158692213042714,0.1101072244682721,0.14055194234487609,0.09755668834593074
124.0,0.07129970412066104,0.03254672728584831,0.058670707945442734,0.05426860070722379,0.03233023020855885,0.06855740780832792,0.12448581944143754,0.15017680594645305,0.13206321714656852,0.13487767915133145,0.1407231002381468
125.0,0.015984955336154207,0.02538787023977433,0.023977433004231313,0.020216267042783263,0.0230371415138693,0.0230371415138693,0.0691114245416079,0.08180535966149506,0.08932769158439116,0.17912552891396333,0.44898918664786086
126.0,0.052081148302418265,0.05900332624134728,0.05564711875580594,0.05999220880405142,0.04297144227023463,0.0628389919391088,0.09768961073986396,0.12034401126726799,0.09828893350513919,0.1217524197656648,0.2293907884090977
127.0,0.05132749065601237,0.06163809769300167,0.0821626498260085,0.04536667096275293,0.05767495811315891,0.10194612707823172,0.1131589122309576,0.1452506766335868,0.12685268720195902,0.1250161103234953,0.08960561928083516
128.0,0.027404212128901293,0.024105556965237248,0.05633088048718599,0.035523978685612786,0.04313625983252981,0.07231667089571175,0.10124333925399645,0.14818573965998477,0.13169246384166455,0.1875158589190561,0.17254503933011925
129.0,0.0429051150332807,0.0474824601730996,0.060434947730316414,0.05582761998041136,0.054078634392052606,0.0989026364708469,0.1271362609686382,0.18557236802654462,0.11970057366727298,0.12208918827080294,0.08587019528673369
130.0,0.03562716952809832,0.04083403696406793,0.08504550145417018,0.057861900741157705,0.054977014729336714,0.1077962285392626,0.13687963223566937,0.1860868749413641,0.0998452012383901,0.11387090721456046,0.0811755324139225
131.0,0.030159995095935758,0.03953901796113529,0.04591430147734935,0.05308649543309017,0.0636915343591001,0.10175933304726292,0.14755103291853122,0.1697419236191994,0.10083982100165512,0.11101575430638141,0.1367007907803592
132.0,,,,,,,,,,,
133.0,0.021776114324600204,0.03141658160372009,0.0568787569468073,0.044062606328683224,0.054043325394124986,0.0880685040263128,0.11874787342633548,0.1756266303731428,0.1435862538278326,0.15084495860269934,0.11494839514574118
134.0,0.0297677914474465,0.021836306815934174,0.03811464061078365,0.03350607223387001,0.032081965267613435,0.06048498753906405,0.07706001028521697,0.1336682621939159,0.12108865065864947,0.17991218007041418,0.27247913287709163
135.0,0.02299550750019036,0.02276707530647986,0.05238711642427473,0.03807203228508338,0.04987436229345923,0.0900022843219371,0.11558669001751314,0.16424274727784968,0.1394959262925455,0.17117185715373487,0.13340440112693217
136.0,0.04562669071235347,0.06756086564472498,0.09855725879170424,0.07252028854824166,0.058769161406672675,0.10074391343552751,0.12342200180342651,0.17218214607754734,0.09400360685302074,0.09909828674481515,0.06751577998196573
137.0,0.054967444744651636,0.032510962483943834,0.06107986003454843,0.035788634450989947,0.040882313859237275,0.09642556584134296,0.09177481507729104,0.14616645258448863,0.08610532843158968,0.15374053240023033,0.20055809009168624
138.0,0.06291390728476821,0.048344370860927154,0.051655629139072845,0.09072847682119205,0.045033112582781455,0.09735099337748344,0.17086092715231788,0.19337748344370861,0.06490066225165562,0.10529801324503311,0.0695364238410596
139.0,0.023998608776302822,0.023129093965567213,0.044055417077270884,0.038606457596661065,0.028925859370471277,0.07587965915019419,0.10190713581821344,0.16422236392093212,0.1379630166367167,0.19737986203698335,0.16393252565068692
140.0,0.027443293195183422,0.03024362923550826,0.022402688322598712,0.02403621767945487,0.023242789134696164,0.0425184355455988,0.07612246802949688,0.1632595911509381,0.11794081956501447,0.17581443106506114,0.2969756370764492
141.0,0.028711670954197344,0.01744581448298294,0.034300245424169845,0.040509772613028176,0.034507229663798454,0.06336674650344482,0.07271060646382212,0.11262899553505426,0.11972559803660664,0.15509033383600934,0.3210029864868861
142.0,0.03505902643551696,0.042820184959410035,0.037705551755924945,0.03128252401201344,0.033691159415980255,0.05834250200719617,0.07877129858158137,0.10315501501680098,0.10071664337327901,0.1425852686669244,0.3358708257753725
143.0,0.034743976761405705,0.03289286324542917,0.051631827761007006,0.04852765278806174,0.029845645611437033,0.04838525944067893,0.06817793472688956,0.12561941106111524,0.1184997436919747,0.14663666913481802,0.2950390157771829
144.0,0.04891027455420323,0.06962921030285876,0.06328898952731389,0.06289272572884234,0.04721200113218228,0.05683555052363431,0.09148032833286159,0.10818001698273422,0.08649872629493348,0.13178601754882535,0.23328615907161052
145.0,0.05703499642893582,0.02219161310070401,0.027650239771451892,0.032853790429548,0.018722579328639934,0.03418018569533721,0.06351392715029079,0.09845934088358331,0.09442913988368534,0.1919191919191919,0.3590449954086318
146.0,0.03702229299363057,0.057656581740976647,0.05951433121019108,0.03914543524416136,0.03980891719745223,0.08028131634819533,0.0938163481953291,0.11896231422505307,0.10051751592356688,0.11093418259023355,0.2623407643312102
147.0,0.06578793432905666,0.08649533985883087,0.09378777834106773,0.05159302733689506,0.04679639667745584,0.09257887142690013,0.09792146004757633,0.11398822290683618,0.0759271536091721,0.08938111765394065,0.18574269781226846
148.0,0.04999264813997942,0.062049698573739154,0.08388472283487722,0.06352007057785619,0.04072930451404205,0.08381120423467137,0.09520658726657845,0.1435818262020291,0.11579179532421703,0.11733568592853992,0.14409645640347007
149.0,0.027455324888011175,0.03602909301093396,0.04913058137854631,0.0416646596984731,0.045710707576706325,0.08544867780935407,0.11478252492654496,0.16709214392370308,0.12523481527864747,0.16068590144983383,0.1467655700592457
150.0,0.029280320542456464,0.022037293881954075,0.038834951456310676,0.036523347202958856,0.02511943288642318,0.07150562490368316,0.09061488673139159,0.16474032978887349,0.10556326090306672,0.19602404068423485,0.21975651101864693
151.0,0.05750393731033688,0.06403411055199171,0.06756808665924019,0.058541082472246764,0.03480198209964276,0.07770906157569239,0.0726385741174663,0.1442400030730227,0.0887335305189567,0.11500787462067376,0.21922175700072985
152.0,0.08109414266383143,0.09781558090083124,0.11115406920549005,0.05132418325923062,0.04678136477865842,0.11115406920549005,0.12555577034602744,0.12410593466073845,0.08766673110380824,0.09974869514788325,0.06359945872801083
153.0,0.0726959517657192,0.0487510766580534,0.05185185185185185,0.11283376399655469,0.0664944013781223,0.09388458225667529,0.14435831180017228,0.12506459948320414,0.09302325581395349,0.09233419465977606,0.0987080103359173
154.0,0.005803830528148578,0.014509576320371444,0.011607661056297156,0.019733023795705164,0.00522344747533372,0.04468949506674405,0.0934416715031921,0.1323273360417876,0.09518282066163668,0.3209518282066164,0.2565293093441672
155.0,0.0150240098892217,0.01835211334569486,0.03375647791565635,0.02843151238529929,0.031521894166310085,0.07958921694480103,0.08591261351210003,0.1436789806494556,0.14396424666001045,0.21114439214567585,0.20862454238577474
156.0,0.08831544178364988,0.06548307184145334,0.07093311312964493,0.04706853839801817,0.04298100743187448,0.08311312964492155,0.10714285714285714,0.14298100743187447,0.1250206440957886,0.13554913294797688,0.09141205615194055
157.0,0.032839205476000506,0.027463990257422417,0.06517448452525931,0.04598328644017973,0.05597782723722337,0.07920043673623652,0.10233905849745938,0.14718851047747028,0.11216562381892244,0.15445344979632974,0.1772141267374963
158.0,0.04043895273481379,0.04933897865721939,0.07763760476972263,0.04804285837725741,0.03603214378294306,0.0909012356346669,0.08113712952561998,0.1214032662231055,0.09651775684783548,0.11639160114058585,0.24215847230623003
159.0,0.04150980296289053,0.045910135432454896,0.0560797926954481,0.040108215583695955,0.034941899313874085,0.07992307566942095,0.08559461529685947,0.10995941915611401,0.09977346436545576,0.13057579165240632,0.2756237878713799
160.0,0.03750362844702467,0.028969521044992744,0.04058055152394775,0.052656023222060956,0.036400580551523946,0.08249637155297533,0.10084179970972423,0.1546589259796807,0.1306821480406386,0.18002902757619738,0.15518142235123367
161.0,0.02729044834307992,0.02764486975013291,0.05670742512847776,0.057327662590820484,0.059365585681375156,0.09923799397483608,0.12812333864965444,0.18226120857699804,0.12528796739323056,0.1354775828460039,0.10127591706539076
162.0,0.03354824609332313,0.04327395913014971,0.0595563326412414,0.0558408917058245,0.05026773030269916,0.07070265544749207,0.10304884712053328,0.1551742978909409,0.12818271227188285,0.10403234619167304,0.19637198120424
163.0,0.03331356267299328,0.018979833926453145,0.04221035982601819,0.0276789244760775,0.02461447212336892,0.0689996045867932,0.08165282720442862,0.0992487149070779,0.1252471332542507,0.1762554369315935,0.30179913009094506
164.0,0.04151339989490278,0.043615344193378876,0.055776593348847686,0.05067187148112003,0.05855416260040538,0.08768110502214549,0.11312964492155243,0.11748367239696719,0.11890999174236168,0.12266346370392613,0.19000075069439232
165.0,0.0397138437741686,0.05251353441608662,0.08576952822892497,0.04810518174787316,0.05723124516627997,0.0988399071925754,0.11496519721577726,0.14733178654292342,0.09605568445475637,0.1317478731631864,0.1277262180974478
166.0,0.06941821364411074,0.04868948362430328,0.06660831913031462,0.06407480768344927,0.039614906260076466,0.07614353493942605,0.10415035238841033,0.140586853378783,0.09682620111474503,0.12437238011884472,0.1695149477175365
167.0,0.04228552877201526,0.05220761301842383,0.05872088304520737,0.053769986202418636,0.04524795065335606,0.0738982225468712,0.08769580391202013,0.12496956415875335,0.09500040581121662,0.13298433568703838,0.23321970619267918
168.0,0.05597316158662385,0.0828653953104537,0.09176369279345545,0.06643224915232952,0.05364094652051452,0.07741160007893651,0.09881415833946287,0.10469851635241563,0.07791392332394467,0.10094903213074756,0.1895373244111157
169.0,0.05938531464747578,0.07556409285211839,0.10548671608679185,0.0676099778150533,0.06403874249228937,0.104945619825767,0.1308911855419079,0.148693252529625,0.09493533899680753,0.09222985769168335,0.056219901520480495
170.0,0.04382362233154308,0.026537888703344316,0.05727309653834003,0.04070948233064043,0.03583517624227107,0.06169607798889742,0.08038091799431331,0.13368235771990794,0.09071625220020761,0.16699011599043193,0.2623550119601029
171.0,0.045374723842972864,0.03835042202458506,0.04673426613040276,0.07194244604316546,0.06497479182008724,0.09918993938707302,0.11748711267206707,0.1532317453124115,0.1274004418512434,0.12031949243754603,0.1149946184784456
172.0,0.034725717161550075,0.021682603590001678,0.0398842476094615,0.040513336688475086,0.032964267740312025,0.06802549907733602,0.09151149136050998,0.12548230162724375,0.14204831404126825,0.1492618688139574,0.2539003522898842
173.0,0.05076733351603179,0.04665661825157577,0.07282817210194574,0.060530282269114825,0.07478076185256234,0.10245957796656618,0.14538229651959442,0.16792271855302823,0.1154768429706769,0.1048232392436284,0.05837215675527542
174.0,0.05027205506208436,0.07557085057898898,0.08928986653025159,0.08994093847370134,0.06217737059945124,0.11951820676184718,0.12388968981072408,0.17476631167744036,0.0877551969492629,0.0831511882062968,0.043668325349951166
175.0,0.026143790849673203,0.0249798549556809,0.0265914585012087,0.030620467365028204,0.046467902229384905,0.07350702838212911,0.11352851642940281,0.18658787715999642,0.1111111111111111,0.1891843495389023,0.1712776434774823
176.0,0.024875621890547265,0.019477082671747643,0.03958928760453054,0.03715465227056208,0.03794855509685614,0.06245368900179951,0.05552027098549804,0.1397798242828411,0.12009103419074839,0.21472425108500054,0.24838573091986874
177.0,0.0823505420929205,0.08432178907657274,0.09278455629949359,0.06885769635999048,0.07161064473371172,0.10824864901607587,0.12673758624205553,0.15572851170852733,0.0904054651123271,0.07449954117527105,0.04445501818305407
178.0,0.04383778885364749,0.03766425011327594,0.07289306751246036,0.04525373810602628,0.05301314000906208,0.08897825101948346,0.12505663797009514,0.16311735387403714,0.12222473946533756,0.1285115541458994,0.11944947893067512
179.0,0.050523338048090526,0.05078736445073079,0.0631966053748232,0.040773220179160775,0.03688826025459689,0.0810938236680811,0.08744931636020745,0.11911362564827911,0.08724186704384725,0.12437529467232437,0.2585572842998586
180.0,0.03270848605438615,0.02785632003351136,0.04586867734841345,0.03427933116905784,0.03892205117464307,0.061856389848849794,0.09089957063566866,0.14388941250392712,0.1057004223827975,0.15341920619960206,0.264600132649143
181.0,0.03554173769420327,0.04053206617263887,0.04544290269301089,0.04069105008876602,0.03608934896086346,0.05754334519824411,0.07157809201635768,0.11131523860836079,0.09978890468914228,0.14796103127566929,0.31351628260274333
182.0,0.03701843387412728,0.032598322366768795,0.07519212416495052,0.06057561906675373,0.050278768396202725,0.09804610979958812,0.14028831181877544,0.2098046109799588,0.10517856245918931,0.130945803405495,0.06007333366819027
183.0,0.02748091603053435,0.025699745547073792,0.10699745547073791,0.04249363867684478,0.04020356234096692,0.13778625954198473,0.1039440203562341,0.17213740458015267,0.14249363867684478,0.1272264631043257,0.07353689567430026
184.0,0.031994981179422836,0.04077791718946048,0.0740276035131744,0.03136762860727729,0.06838143036386449,0.1260978670012547,0.07716436637390213,0.14868255959849436,0.19761606022584693,0.056461731493099125,0.14742785445420326
185.0,0.04813178327828064,0.03521942430612157,0.06469048946849126,0.049719016773197205,0.04890395092445626,0.1028269915490541,0.1268070867830638,0.16082536141735662,0.1192999013341341,0.12835142207541503,0.11522457209042941
186.0,0.03343630746865346,0.0468835180810467,0.02943848809740142,0.02943848809740142,0.02453207341450118,0.07305106305651463,0.08922405960385245,0.14083227330546974,0.10103579865527894,0.16663638015627838,0.26549155006360164
187.0,0.05556303577038733,0.051837888784165884,0.06750145864189219,0.0527803958529689,0.0371617072842332,0.10560567299492842,0.1320856334993941,0.13181634576545037,0.11740945199946143,0.12674476010951036,0.12149364929760782
188.0,0.05075858211564008,0.052017059358176604,0.060057330629937775,0.054464098440886524,0.04810179682584073,0.10990701251485702,0.13941131231210235,0.17248129762986786,0.1177025798783472,0.11092078584912256,0.08417814444522129
189.0,0.06093613131736299,0.047225501770956316,0.052976349164032446,0.04421678028716152,0.03545721141029059,0.06463038427847811,0.08432037171040103,0.10945652587881327,0.10252504094146322,0.14556118368435084,0.25269451955668965
190.0,0.022442813983599482,0.02416918429003021,0.04848223277226298,0.032513307437778735,0.059991368148467845,0.08027621924902892,0.11509135376204863,0.06948640483383686,0.11782477341389729,0.15379082146453749,0.2759315206445116
191.0,0.02997992648400636,0.03746187335436273,0.056987929820902526,0.03670585781693996,0.050314137490549804,0.08417841966683177,0.11780807633149978,0.15826794233426314,0.1317291900205949,0.16564561119945775,0.13092103548059125
192.0,0.03284182305630027,0.030328418230563002,0.04004691689008043,0.060489276139410186,0.053451742627345845,0.09165549597855228,0.123156836461126,0.20676943699731903,0.09534182305630026,0.14175603217158178,0.12416219839142091
193.0,0.06773747841105354,0.0973747841105354,0.11226252158894647,0.07088082901554404,0.057167530224525046,0.08708117443868739,0.09986183074265975,0.10884283246977547,0.062383419689119174,0.08162348877374784,0.15478411053540586
194.0,0.045007646930303694,0.05112519117325759,0.09088922875245795,0.03867161896438715,0.09853615905615032,0.16211492243827835,0.12060301507537688,0.17063578763382128,0.08848590779986891,0.06816692156434345,0.06576360061175443
195.0,0.06596512327119664,0.08394467829224293,0.08454600120264583,0.04678292242934456,0.04858689116055322,0.097294046903187,0.10914010823812387,0.12266987372218882,0.07582681900180396,0.11665664461815996,0.1485868911605532
196.0,0.0490947643125102,0.03156091991518512,0.04167346273038656,0.05667917142391127,0.05162290001631055,0.0771489153482303,0.12387864948621759,0.1591909965747839,0.117028217256565,0.1631055292774425,0.12901647365845703
197.0,0.03434095278786584,0.036338389233069854,0.04103823969237343,0.03684041871395001,0.040824610126041445,0.05999786370433668,0.0944990386669515,0.1512070070497757,0.10572527237769708,0.14744712668233284,0.25174108096560566
198.0,0.04857177004900203,0.032508664993426556,0.04964742440540217,0.045464324130512726,0.04006214891836979,0.08041113899844628,0.11468865782239751,0.1524799808772559,0.1277399306800526,0.1634038484522529,0.14502211067288157
199.0,0.03638184245660881,0.018024032042723633,0.005173564753004005,0.047563417890520696,0.02720293724966622,0.029539385847797063,0.04055407209612817,0.08828437917222964,0.1308411214953271,0.18307743658210948,0.3933578104138852
200.0,0.05439914163090129,0.04116595135908441,0.04774678111587983,0.06605865522174535,0.049642346208869814,0.0811516452074392,0.12131616595135908,0.14796137339055793,0.12274678111587983,0.13780400572246065,0.1300071530758226
201.0,0.03726915684799866,0.03969248767443804,0.045792596306509566,0.03835547756329907,0.04863374279267987,0.07771371270995237,0.0906659981616111,0.17230717807303417,0.13971755661402188,0.13637503133617448,0.17347706192028078
202.0,0.04854771784232365,0.02012448132780083,0.044605809128630707,0.006846473029045643,0.03008298755186722,0.06887966804979254,0.04232365145228216,0.13651452282157675,0.13278008298755187,0.18589211618257262,0.283402489626556
203.0,0.014421661924850388,0.020013734916118905,0.022270185421367605,0.01991562837241244,0.029824389286765427,0.07387422741096832,0.07995683312076915,0.14706170901599136,0.16844893554400078,0.22446777200039242,0.19974492298636318
204.0,0.019641444766675453,0.010018455048774057,0.029000790930661744,0.030846295808067494,0.055365146322172425,0.04402847350382283,0.0641972053783285,0.12430793567097284,0.14144476667545477,0.23253361455312418,0.24861587134194568
205.0,0.03605803089346918,0.03497816798910747,0.05591811822151275,0.04655148129020142,0.040025353302971974,0.08934691769566647,0.11387858584910089,0.1733649467111132,0.1179398093807221,0.1645382412319827,0.12740034743415185
206.0,0.055505341002465076,0.037838948233360724,0.04061216105176664,0.03890714872637634,0.032764995891536565,0.05490961380443714,0.08584634346754313,0.11575595727198028,0.08890714872637634,0.16084634346754315,0.2881059983566146
207.0,0.1261663286004057,0.1330628803245436,0.10953346855983773,0.05963488843813387,0.07667342799188641,0.14279918864097363,0.10709939148073022,0.08478701825557809,0.0742393509127789,0.06734279918864097,0.018661257606490872
208.0,0.03819696951633862,0.04828268618638309,0.054410414754235165,0.04583874774978839,0.044527366149664405,0.07178026013042287,0.08839904149926682,0.14587332053742802,0.10839165007570248,0.15694853423302058,0.19735100916774956
209.0,0.022198448783097086,0.05295533565124365,0.06632789515913345,0.05242043327092805,0.06124632254613533,0.0636533832575555,0.05135062851029687,0.08023535704733886,0.08799144156191495,0.13720246055094945,0.3244182936614068
210.0,0.03284376084191049,0.04371458309240199,0.07251069735168267,0.04213407347442273,0.04961258239851972,0.09598704753093558,0.10207779191241664,0.15115068809991905,0.11834547627308123,0.16707143132492966,0.12455186769978027
211.0,0.029130966952264383,0.05042839657282742,0.03769889840881273,0.03341493268053856,0.031211750305997554,0.0664626682986536,0.08053855569155446,0.1394124847001224,0.09412484700122399,0.14663402692778457,0.2909424724602203
212.0,0.04554151463913856,0.036241879505206014,0.05076977841060781,0.0412031681053662,0.040024027765417816,0.07748954347245707,0.0982246151107947,0.12400996707306221,0.10207350716383376,0.15991812761413188,0.224503871139984
213.0,0.05236856516976999,0.052488362541073384,0.07963102409638555,0.0548158543263965,0.056715498357064624,0.0888383077765608,0.10968305038335159,0.14274712486308871,0.09491374589266155,0.1224329134720701,0.14536555312157723
214.0,0.03992686954470394,0.02724699221514508,0.040339702760084924,0.030490681764567117,0.04446803491389479,0.09695682944090588,0.08663599905638122,0.15487143194149564,0.0933592828497287,0.17156168907761266,0.21414248643548006
215.0,0.04184536357248431,0.051125487630539604,0.07184221366092414,0.06324053209275278,0.05732839039519275,0.08623488648203338,0.12997019699062295,0.16498267548641904,0.11368757723340844,0.12165927648954472,0.09808339996607787
216.0,0.03532036656540318,0.036492669952477595,0.05953536448551008,0.05478312387339124,0.04335001449622468,0.09009088502603017,0.12036908648573698,0.14962624951154024,0.1243776077447656,0.13472665162420744,0.15132798023471278
217.0,0.04214424263798272,0.06674307882207724,0.12352318815023805,0.0953094692294128,0.07467818726855933,0.12272967730558984,0.11735143713630752,0.13815905484041616,0.08860871098571681,0.07564803385646271,0.05510491976723682
218.0,0.030796980426214177,0.03787828178235019,0.07582336829447525,0.057118043957512195,0.050905204088449466,0.09766851493085711,0.15111229875075155,0.19293205958981896,0.10949295210100875,0.1368160865789298,0.059456209499632574
219.0,0.015944451588015943,0.01272984441301273,0.03638935322103639,0.019544811624019543,0.03793236466503793,0.06647807637906648,0.09913848527709913,0.17667481033817667,0.17564613604217563,0.19506236337919505,0.16445930307316445
220.0,0.03606025595449698,0.03919303234980448,0.059189477426235336,0.04312566654816921,0.04319232136509065,0.0748311411304657,0.1148684678279417,0.18678901528617134,0.1346427301813011,0.1558833985069321,0.1122244934233914
221.0,0.042378284065362544,0.0568734691138476,0.08203872093413415,0.06351709559440324,0.04781397845854444,0.0869375566218166,0.09368184410965338,0.11690098312250445,0.09911753850283528,0.11780693218803476,0.19293359728886353
222.0,0.04595219737856592,0.0707787201233616,0.2243639167309175,0.07617579028527371,0.07833461835003855,0.0889745566692367,0.16746337702390132,0.16283731688511952,0.04302235929067078,0.03392444101773323,0.008172706245181188
223.0,0.03975069252077562,0.04162819329024315,0.04650661742074484,0.03564173591874423,0.04056632810095414,0.07313019390581718,0.09544475223145583,0.1298861188057864,0.10615574022776239,0.16612803939673745,0.22516158818097876
224.0,0.04074513360775832,0.03523337752040745,0.04681504221028396,0.027000627921579572,0.03537291564920114,0.047722040047442967,0.10137445056861788,0.09809530454196609,0.11302588432289123,0.18921370264424753,0.2654015209656039
225.0,0.042144140547015374,0.05028947893791176,0.0651627071271711,0.05822519464963066,0.05316430425234578,0.0984927131163905,0.1282790976242763,0.17537432621281693,0.12189059692553404,0.12382711119984029,0.08315032940706728
226.0,0.04819949632629748,0.04298102136718852,0.06023314380663084,0.049315886491679,0.03655528727574837,0.07822519926266323,0.09554222810706961,0.14393644364825922,0.11324869538126023,0.13484954695329335,0.19691305137991016
227.0,0.029686494952037363,0.02609279301954862,0.04822831893055905,0.04769695444248678,0.04175406214167855,0.0705036776015885,0.09504432698492603,0.15433341723298935,0.10983863299493805,0.1401823419190648,0.2366389797801829
228.0,0.047514559355248266,0.04440948359139963,0.062405122684993514,0.04322265463277304,0.04268444150037261,0.0762192597499379,0.09391129143551102,0.13151720901990008,0.10649719853164417,0.14055642957688166,0.21106234992133807
229.0,0.02800969566388365,0.017012299129185744,0.029984738306849806,0.04865786874943891,0.026707963012837777,0.04363048747643415,0.08429841098841907,0.13362958972977826,0.08721608762007362,0.13322560373462608,0.3676272555884729
230.0,0.058941632009178256,0.06360246665710598,0.06360246665710598,0.051340886275634594,0.048114154596300016,0.08095511257708303,0.10569338878531478,0.11293560877671016,0.09859457909077872,0.12010612361967589,0.19611358095511258
231.0,0.03325219687280828,0.036841453855357066,0.03680019802797145,0.02504228722307026,0.03708898881967078,0.06691695201947274,0.07277527950823054,0.10747143033953546,0.09224803003424234,0.1213746441684888,0.3701885391311523
232.0,0.051566889993516316,0.10265830992003458,0.13304516965636481,0.06263237518910741,0.07132051004970824,0.08657877674519127,0.1065052950075643,0.12539442403285067,0.0636265398746488,0.09963259131186514,0.09703911821914847
233.0,0.03336062218583709,0.01664620002728885,0.028721517260199208,0.024423522990858235,0.0249010779096739,0.058125255832992224,0.07961522717969709,0.14292536498840225,0.11488606904079683,0.1791513166871333,0.297243825897121
234.0,0.04551790692687111,0.03881621273858031,0.05634784473514905,0.04455286296375724,0.04133604975337765,0.06385374222603474,0.07564872399742655,0.12497319322324683,0.09489598970619773,0.13601758524555008,0.27803988848380873
235.0,0.049611437894465676,0.07869992701043321,0.09711905886393886,0.06684985616761839,0.04323558456055987,0.09754840925679446,0.13108067493881756,0.15235498690481303,0.10074706968356877,0.09731226654072389,0.08544072817826628
236.0,0.025424459191588384,0.011419460484357494,0.018745152115832112,0.01952081358269413,0.02357149013186245,0.04860811859001982,0.05558907179177799,0.09803499095061621,0.09717314487632508,0.14616909419977592,0.4557442040851504
237.0,0.03824978267168937,0.03342026465758717,0.03631797546604849,0.026031102096010818,0.03462764416111272,0.05887182459190573,0.07988022795325027,0.1319424321452719,0.10393122766347919,0.1140732154930938,0.34265430310055056
238.0,0.03223717681883354,0.03540539290504602,0.06095925257851163,0.038596734656121366,0.03441098931594283,0.06898385828592572,0.09065260626243005,0.11720086952499885,0.09393645067295685,0.13507700846399334,0.29253966051523983
239.0,0.039845973547631,0.033603597139508744,0.04329004329004329,0.03324483987467413,0.028270072468967497,0.05175671474014015,0.06462414197220827,0.10922962856664514,0.09530984669106216,0.14974528234196743,0.3510798593671522
240.0,0.055916775032509754,0.0377113133940182,0.06827048114434331,0.044863459037711315,0.04031209362808843,0.08192457737321196,0.1755526657997399,0.14174252275682706,0.10793237971391417,0.15344603381014305,0.09232769830949285
241.0,0.0449895178197065,0.051467505241090145,0.06020964360587002,0.07027253668763103,0.05610062893081761,0.10197064989517819,0.13784067085953877,0.18245283018867925,0.11985324947589099,0.10517819706498951,0.06966457023060797
242.0,0.03876084685414579,0.04846171886659702,0.0902927318081999,0.06140332174914184,0.0758373664797561,0.10600601240858794,0.13259279790205317,0.1674519753533889,0.09948190947274162,0.10809543099588513,0.07161588810950259
243.0,0.042397642485422285,0.04914414696846197,0.0628754153865446,0.05730766819236316,0.049758605555207225,0.09820051413881747,0.13069157940936735,0.18609317198570444,0.11601981315442975,0.12181327982945639,0.08569816289422534
244.0,0.046288176306859344,0.06514914655380588,0.08591654910334134,0.06736060802480903,0.05190579682515474,0.10274399156085967,0.12898920959316734,0.16537664747524816,0.1045995856687129,0.10423100875687905,0.07743928013116254
245.0,0.03877152795452617,0.03337009699951925,0.052345804700093326,0.038319052063007265,0.04465371454427194,0.07389496903368117,0.08811967987330675,0.12171601481858545,0.10155255790277425,0.14651734962246543,0.26073923248776903
246.0,0.034373635966826716,0.02968136185072021,0.028699257965953733,0.027280663465735485,0.0359013531209079,0.05303360977738979,0.08162374508948057,0.10672195547795722,0.09864687909209952,0.1725229157573112,0.33151462243561763
247.0,0.053935318171065526,0.060356189381906664,0.07833462877226184,0.06495218140650874,0.04707512419316684,0.09421783650434254,0.10023317900713055,0.13223615288432294,0.07593525058294752,0.1180426481024636,0.17468149099388328
248.0,0.055400883039455555,0.050310751145982734,0.0693776540397649,0.05686324137349194,0.047245423099637224,0.09156612953120166,0.10064962456762001,0.12995303579965692,0.0920160859416744,0.12252875502685677,0.1840884164346579
249.0,0.041396817131513004,0.04006248576170794,0.04429329254401666,0.034269534936700624,0.03856543105412178,0.07403911869040258,0.08220783024701403,0.11019624434536401,0.10521691020926222,0.13737104175480847,0.29238129332508866
250.0,0.03815121027990836,0.037287910482451773,0.0630540890526945,0.058139920974864694,0.03904771391572866,0.07098980642162234,0.09074609024803268,0.1670817146462131,0.10289869508915231,0.13872563668360063,0.19387721220573098
251.0,0.04140439222268849,0.0419639110365086,0.06437963351517695,0.05434326479227864,0.03906140718981676,0.05605679115960274,0.08427752133165478,0.1292488459924465,0.13215134983913834,0.13662750034969925,0.22048538257098896
252.0,0.012062084257206208,0.010288248337028825,0.03813747228381375,0.035299334811529935,0.043458980044345896,0.0541019955654102,0.09294900221729491,0.16337028824833702,0.13569844789356986,0.2138359201773836,0.20079822616407983
253.0,0.02794022092267706,0.16309291747888238,0.1286549707602339,0.0792722547108512,0.0649772579597141,0.10656270305393112,0.09811565951916829,0.16049382716049382,0.10981156595191682,0.02079272254710851,0.04028589993502274
254.0,0.05342908271165958,0.04836273211090195,0.070835947849125,0.057193985451672126,0.05770526853982198,0.1003741662599642,0.12698412698412698,0.16672476701759278,0.10762509005554394,0.1261707220711613,0.08459411094843013
255.0,0.041784562742646573,0.017569257090215173,0.0448114759492005,0.023096663815226688,0.03415147726524972,0.05547147463315128,0.07922616305849839,0.1162071461472659,0.12180035533328946,0.17102059617029677,0.29486082779495953
256.0,0.05335311269118625,0.03519361604174127,0.06179344211980153,0.0369328354391529,0.040769348815796205,0.08522175047316999,0.1275768581513121,0.1418486879124252,0.1250703360785718,0.14389482837996828,0.1483451838968745
257.0,0.03332324847646627,0.023641785884081775,0.03799109651208022,0.03885551281497169,0.027445217616804254,0.05117344513117517,0.07684660932705191,0.1297921078791546,0.11959199550503523,0.17850196654708908,0.2828370143060898
258.0,0.05233699790277982,0.05753329504014106,0.07501903527871656,0.058588584176006195,0.050800817515128036,0.08509103538558127,0.10546212313487664,0.1407809139605402,0.10667770935467065,0.14103471767676093,0.12667477057479862
259.0,0.03716960352422907,0.04105864537444934,0.07323788546255507,0.047976321585903085,0.04360545154185022,0.07988023127753303,0.1364262114537445,0.17101459251101322,0.1312637665198238,0.1344988986784141,0.10386839207048458
260.0,0.041686875847231034,0.056996107400912835,0.07436978447686204,0.05525500876767526,0.04618885945603104,0.09859592831648199,0.12797074954296161,0.16235744754940368,0.11779775895733065,0.12275989006205773,0.09602158962305214
261.0,0.020361342127903644,0.00802982506452538,0.025236593059936908,0.009176942930886148,0.011184399197017494,0.011757958130197877,0.043590478921709204,0.10524806423860052,0.07341554344708918,0.2589618583309435,0.43303699455119016
262.0,0.03099365750528541,0.030486257928118394,0.029809725158562367,0.029471458773784355,0.02536997885835095,0.04236786469344609,0.08600422832980972,0.12308668076109937,0.10866807610993658,0.17682875264270614,0.31691331923890065
263.0,0.019314568366505712,0.01775409256860205,0.03067954304557767,0.026204216228948297,0.03459545401012837,0.04272170533506065,0.05906253680367448,0.14865740195501118,0.12527970792603935,0.1954127900129549,0.30031798374749735
